dataset,split_type,seed,run_dir,calibration_method,n_test,auroc_before,auroc_after,auroc_delta,auprc_before,auprc_after,auprc_delta,brier_before,brier_after,brier_delta,source_manifest,regenerated_at,raw_threshold,calibrated_threshold,brier_direction,bin_row_count,binned_test_rows,row_count_match,cluster_auroc_invariance_pass
tdc,cluster,11,reports/runs/2026-04-05_043657_stage2_chemprop_cluster_seed11_torch11,sigmoid,63,0.7757201646090536,0.7757201646090536,0.0,0.8370177413382709,0.8370177413382709,0.0,0.23214669247489197,0.21048211123358054,-0.02166458124131143,reports/stage2_multiseed_analysis/stage2_run_manifest.csv,2026-04-05T06:18:09.622959+00:00,0.65,0.52,improved,4,63,True,True
tdc,cluster,22,reports/runs/2026-04-05_044003_stage2_chemprop_cluster_seed11_torch22,sigmoid,63,0.7314814814814815,0.7314814814814815,0.0,0.810752071689113,0.810752071689113,0.0,0.23027408976905553,0.2088205720873993,-0.021453517681656237,reports/stage2_multiseed_analysis/stage2_run_manifest.csv,2026-04-05T06:18:09.622959+00:00,0.65,0.6,improved,4,63,True,True
tdc,cluster,33,reports/runs/2026-04-05_044400_stage2_chemprop_cluster_seed11_torch33,sigmoid,63,0.7705761316872428,0.7705761316872428,0.0,0.8338530384249387,0.8338530384249387,0.0,0.23200435202716774,0.2106377312025226,-0.021366620824645133,reports/stage2_multiseed_analysis/stage2_run_manifest.csv,2026-04-05T06:18:09.622959+00:00,0.63,0.5,improved,4,63,True,True
tdc,cluster,44,reports/runs/2026-04-05_044659_stage2_chemprop_cluster_seed11_torch44,sigmoid,63,0.7530864197530864,0.7530864197530864,0.0,0.8252569942453047,0.8252569942453047,0.0,0.23267311033933846,0.2130601455667184,-0.019612964772620062,reports/stage2_multiseed_analysis/stage2_run_manifest.csv,2026-04-05T06:18:09.622959+00:00,0.64,0.54,improved,4,63,True,True
tdc,cluster,55,reports/runs/2026-04-05_044957_stage2_chemprop_cluster_seed11_torch55,sigmoid,63,0.779835390946502,0.779835390946502,0.0,0.8355331027480086,0.8355331027480086,0.0,0.22711738429134712,0.21046717285187275,-0.01665021143947437,reports/stage2_multiseed_analysis/stage2_run_manifest.csv,2026-04-05T06:18:09.622959+00:00,0.66,0.53,improved,4,63,True,True
tdc,random,11,reports/runs/2026-04-05_045240_stage2_chemprop_random_seed11_torch11,isotonic,64,0.8659090909090909,0.8437499999999999,-0.02215909090909096,0.929074313677847,0.8975376105598505,-0.0315367031179965,0.11539407572649976,0.1327882242777072,0.01739414855120744,reports/stage2_multiseed_analysis/stage2_run_manifest.csv,2026-04-05T06:18:09.622959+00:00,0.34,0.34,worsened,4,64,True,True
tdc,random,22,reports/runs/2026-04-05_045649_stage2_chemprop_random_seed11_torch22,isotonic,64,0.8761363636363636,0.8681818181818182,-0.007954545454545436,0.9319408681219419,0.9128662500373027,-0.019074618084639172,0.11504127171590284,0.13985860069193287,0.024817328976030034,reports/stage2_multiseed_analysis/stage2_run_manifest.csv,2026-04-05T06:18:09.622959+00:00,0.8,0.67,worsened,4,64,True,True
tdc,random,33,reports/runs/2026-04-05_050052_stage2_chemprop_random_seed11_torch33,isotonic,64,0.8613636363636363,0.8255681818181818,-0.03579545454545452,0.9274275904282476,0.8802492107883496,-0.047178379639898016,0.147972639720331,0.16617873389815357,0.018206094177822568,reports/stage2_multiseed_analysis/stage2_run_manifest.csv,2026-04-05T06:18:09.622959+00:00,0.81,0.54,worsened,4,64,True,True
tdc,random,44,reports/runs/2026-04-05_050412_stage2_chemprop_random_seed11_torch44,isotonic,64,0.8670454545454546,0.8409090909090908,-0.026136363636363735,0.9256867846589822,0.8838676926205729,-0.04181909203840939,0.14094799135373498,0.1443871482605947,0.003439156906859725,reports/stage2_multiseed_analysis/stage2_run_manifest.csv,2026-04-05T06:18:09.622959+00:00,0.8200000000000001,0.54,worsened,4,64,True,True
tdc,random,55,reports/runs/2026-04-05_050719_stage2_chemprop_random_seed11_torch55,isotonic,64,0.8613636363636363,0.8494318181818181,-0.01193181818181821,0.9238185460615256,0.8905279847286117,-0.03329056133291386,0.14647122485752115,0.1505032542146173,0.004032029357096151,reports/stage2_multiseed_analysis/stage2_run_manifest.csv,2026-04-05T06:18:09.622959+00:00,0.8,0.56,worsened,4,64,True,True
tdc,scaffold,11,reports/runs/2026-04-05_051040_stage2_chemprop_scaffold_seed11_torch11,isotonic,63,0.7947845804988661,0.7794784580498866,-0.015306122448979553,0.8816234400435884,0.8490272179927353,-0.03259622205085311,0.18544642614937018,0.20218085417354273,0.01673442802417255,reports/stage2_multiseed_analysis/stage2_run_manifest.csv,2026-04-05T06:18:09.622959+00:00,0.8400000000000001,0.61,worsened,4,63,True,True
tdc,scaffold,22,reports/runs/2026-04-05_051351_stage2_chemprop_scaffold_seed11_torch22,isotonic,63,0.7959183673469388,0.7942176870748299,-0.001700680272108901,0.8811156781021849,0.8575966030236166,-0.02351907507856832,0.18229408135183148,0.1890694689667898,0.006775387614958328,reports/stage2_multiseed_analysis/stage2_run_manifest.csv,2026-04-05T06:18:09.622959+00:00,0.8400000000000001,0.51,worsened,4,63,True,True
tdc,scaffold,33,reports/runs/2026-04-05_051704_stage2_chemprop_scaffold_seed11_torch33,isotonic,63,0.7879818594104309,0.7743764172335601,-0.013605442176870763,0.879662237119211,0.8525567692090645,-0.027105467910146452,0.17907397897419552,0.19916281743864805,0.02008883846445253,reports/stage2_multiseed_analysis/stage2_run_manifest.csv,2026-04-05T06:18:09.622959+00:00,0.79,0.34,worsened,4,63,True,True
tdc,scaffold,44,reports/runs/2026-04-05_052008_stage2_chemprop_scaffold_seed11_torch44,isotonic,63,0.7959183673469388,0.7908163265306123,-0.005102040816326481,0.8819943611271254,0.8546209218357674,-0.027373439291357937,0.17563468723953427,0.20379915642574836,0.028164469186214097,reports/stage2_multiseed_analysis/stage2_run_manifest.csv,2026-04-05T06:18:09.622959+00:00,0.87,0.39,worsened,4,63,True,True
tdc,scaffold,55,reports/runs/2026-04-05_052301_stage2_chemprop_scaffold_seed11_torch55,isotonic,63,0.7970521541950113,0.7613378684807257,-0.03571428571428559,0.8874389636382807,0.8350329234257806,-0.05240604021250006,0.17941068318763645,0.21001491273088202,0.03060422954324557,reports/stage2_multiseed_analysis/stage2_run_manifest.csv,2026-04-05T06:18:09.622959+00:00,0.8300000000000001,0.55,worsened,4,63,True,True
