mol_id,split
05be05b7a3e72cb104e6f2560753a7de1fd9c96a,train
06e11443522de1a2f4f01fa346312bdd20b35f51,train
0cc151b69aba1d30b041711fca28549261848bac,train
10b45aa88e1835ba54fb3f174ecab4b313711f93,train
17c178040bbe2d7bd7787304a889d2be8b0fa466,train
2a30964890745ce9a9c2b64ba0e88b6e4c0cc99b,train
3511898779eff36e9aba9b16c41738c53bbf6c14,train
47c789bdc23c13e64ae755ae48bea06950eadfb8,train
4d350bb689e2ba395689a4472c36155acca7705e,train
57c2e9ce321a17395c19a0f2aed2e965282520ea,train
5c0738f7250e9dfbff09a7167cd3c4989582a0fd,train
6c91c2efd348ccb749bbfbb8bc430848949fb1bc,train
77820f14d8fcc9491a8008b1ac2b08aecdcc0101,train
7ddeab0b21313f3d233e0556270afd74072e4f7b,train
7f333f236aa4c4e2cdb016d45da6f0c8cf03e222,train
83fd26f724390118b06376edf6af1866b3e2c835,train
8cddac11007f120905e884339a0bf0f3ced70190,train
9cdb459a758c6e871f326d4ca3db96dd59f556fc,train
a3b01daac571b91abb147b4533741ebf27b938d3,train
a9d6a1a3e95f593c3c4e29f7c9c5cb2637197d27,train
b28e89a8014224b9bf03ce535e34ef432a82ac77,train
b6918457dcbeaae1cc0e0d7fb08cc002e63df492,train
b76e563d91116d258b6888ea9c3d2b2b357a4232,train
c27495b027e014506bf9579a4ee004365bb82054,train
caccbe326ffe7743ff2a70219a0e212bc67a74e6,train
cc4a08d69b96494e12d46fc3c21ba3a2277407e2,train
d6faaceb6137cb1a378e06f1e731dc585cebe1ed,train
debc7c72de4c098f2d770f4870826b35dde176b4,train
f03aca38e11f96c93ea80ef9ad157d55ee8be416,train
f9828a4042d23e8e639b75953ead90a7519a4b77,train
fc0793c25dec77cad315677038b440ca7e90e45a,train
fdc48c83ad03476d386e6e6018daeaaeffbbea6b,train
05bada555e0c405fdc8b8323d8711fbc09092909,train
1f22b350eb8c167d9938b2f5fc67fc8d3a4680ec,train
240c4e30649521b49b7dc30b899d820f4680f55d,train
323391e07caa1712c807fd331d0b12f59d79f26b,train
4a1e83ade2677b8d903e7fee1e1176a6758e9ff4,train
4badf160ebea919f12b61c649c4456100f3a700d,train
4f41e2715fc739b94d3f77a2abb096af34dd32ac,train
4fc1e52e4ca3c6f43dfe9ae8ebe1d4f0a0a1cda0,train
7d2ee4fecd2c6551895160db4d85aa6a405b68e7,train
83e60a9601006a109c9d8c43fe700e0c0ed535c0,train
9b232d8034ce617a63c3bb72e78e94ae0cefcaf0,train
9c29d650bbb703702dcc3aa4f80447c05615d242,train
a18a248921db915999bb4d4b40dce30e8f50c604,train
a49581dc87399753cbcf9f4ee636c7be5f5c9c62,train
b4448a122c1466f2718da7b5645fc906e56fc8d9,train
d71661a6c787d26afd0eee2bcdfa94ad817f7481,train
fb0c4d30500d0feadc4b9dd164f1b8d8914d5724,train
1299e7b6436288b87801a785151f0014edb1a88f,train
160d5424a963da12519981e6418df42b432aa682,train
1b677040bb5795955bf48724653cb5dbeda08b98,train
2c43b35a5688f6bda10ff415ac21a9d3bc145284,train
3714c7bf0e83862317bdbf27f9260499c6752d53,train
41736080a0c980216bf862928dc992a174b96342,train
65afe3ade795558cf4614d9531d4b234150b1aeb,train
6e1413c82a8adb4b932a2cea2d722860f2b59eea,train
6e1bda1325c82bb85ba5e6cad3394fafb836ffd7,train
717c8189b655529f221cb28e7c01d4b254d1f9f3,train
90e216cee5db1ba0179762537a7ebf9b2403c4f0,train
c561a335e7e20f7ad84210079d52916cf818a137,train
d5799baccfa59e5bf7dde303880a369a07dcff72,train
d7d307cc07718e95a8ec7bd84a1c131d2a101d5d,train
f8a4fde2109bf82c7c92ae6703c8abdfee0626fb,train
016b6cb61359d0407f1d25ac24919ef0bc975a75,train
0892d6b9dcd28ef39424abb44b048f8d25428546,train
46e4e0b95d94e68cbe2964471319c31ef0cbc391,train
52d549793cf0c0d5ad3048c37022efce6e9f52cb,train
55c5ddacb019a92bc05e80eafb783cff5a744347,train
76d0b28bac3bb8a1f7c8a08537919a4ab41f9e89,train
93a80f1f67de8345964f2290909c6fc7351dd611,train
b830c811a827b2dd695c9d8bd7cb30b86befee31,train
bd4d46054e0f9b9e0761ecb1edaa6a48c75dd961,train
be38a65f3e13722a03163208146b132c04e6bd54,train
d7cbf99824c411c54f08ee165113f424b91fa8ee,train
e3b09512e253f17f1fafab12ef08e3dd1da2f489,train
081873748f2de4a956653bcdeaa159fd04131a36,train
132084c84818a79e509d7ea179e9b971266dc95e,train
13e2a297ae194209614ddc8255c2385c896653e3,train
243c0d8f2d3fe24b3943ff4272d07b246f8cd68c,train
33445557cf02c6b753dc319bf407c0cecb2942a4,train
4075d81a26ba002bdddbe95eb9eff523e6ede08a,train
8e6d86400deb7c062c7de47581bdca8f91de676f,train
b0b48f87d791f0ebae0401b9d42ff2bb089e8b45,train
b9039b3213b21638b182c294a07bf709c3b72028,train
bcf7c00159218aaac4dd71de92bbb3256778fd95,train
cc1b02fc6c905c07ab5b30475cbd1d65e08ade84,train
234844bbf402bda842fc9ee653ae305d5b9f10cd,train
2e933a209003db8aa5832ac2c2e38cf96715e454,train
40ceb8c7907745ddc8052dbde0181cd23ec1218a,train
4fd5ee0219dfc0ed996bd9da047cd92df8b6ab81,train
65e4019eb474a0287387db156bc23665018b6fa3,train
9391f1959b7c2c6984f07b5f128a1aa736488e69,train
aaecf5eb436029808d46bf173ec5369ab1b6f99c,train
c8e5b79e4528519e7b1ca9afdfb2818b70e1890d,train
de6ee775b632f36ff2ad20412a8a5ad5e9634311,train
f6ce374d88ed60dc2ff719ac448368326379fa1c,train
16b71ed7c91060eeca21e8701994c830c8ff1cc6,train
2503dafb797d58078df3640a98eccdc08789b0f8,train
4d7b702155a61cf1605250cdac860d860ae4c1d6,train
b0b719cf3993448212c5406c6b68c002ce43b270,train
c6c00306991930b0af19fbe8f0af6de0053bf7e9,train
c7fda7c3ad56eb3fe0fa9fc2a3c3ab39e863bdf3,train
cc7f018acbc29957979de80f13e0bbd0c900a691,train
e82d0adf28230ce13e26a008a040b2e63bd71661,train
035403ab1a95e00b54828645883e384ed53401f3,train
14745abdc7921694181e4c942921f34b0b23932c,train
42de561e5113e010e9a427c11a0bd03fffcd1447,train
486518818fefedcd4ba2845fc692f1d93ab4c443,train
6b9197dd151bdc5c3297b760fa8cde8c245e0567,train
6df6d90ca4895ded34d6ecc14b79835d302c5a27,train
b472a5c6c8b26740b7f3c700e1b5d3ad4b6ca8c6,train
fb05b6910fc09e8815880872aae5884aa57d0812,train
12298e0f01b95eb07868b21d8f15969bc14f4372,train
1451f091fe507ebb4c11b5a51a2508d5a28531ff,train
1a9a7c3c540c09f1d87cf1bfc01d1d3a89b095c9,train
346956457833763299f717195756451dc7a2541b,train
68a3780898ff5b72bebcf1b561f9deb3fad4a136,train
b6edaa8cd14137f0a0d9fb3b966fc7008ba7dc36,train
d35b8a67cc9baaf5c7223f76850710a78362a556,train
d7c536b03e93b3756f191951a8962c0d283d19a9,train
048b965efc60b17fa3241619787891bdb581db12,train
73aada1e2e67eda5237013f15911fffaaafeb49c,train
745329a3267526f95baa74492b4ac09358bfbffe,train
851ccac9b825b93422766958a50e3b3575d47cae,train
9c56d836f9823c63022da3c239c28554413ee44b,train
da278fdcd251e95481c85af200ceed57e031f58a,train
e4a06a968bd5ada807e1f9f504a1acd42c942368,train
12b19bd3cf4b83d44e894175130d22d22fa1b8c4,train
ac3b46979de6a169766cd6e19c04064ce519c708,train
be83a22a6771539012eddb7164f9c8ebc826ab69,train
ca92b7201e3b50fc18dde0c55be92616fbf5a336,train
cddc20d82ba58559231b647b00124d3eccf1d8bd,train
d104d82113d6cdca2c3c2fc87ec89767144f4669,train
d74ed742f42f17121d6578ab34abde90b7a15c93,train
05c864b08e79d8edd056fe2442e8afc3bf27677f,train
263e2955688d467daec1381c7f4b8ee4d9fdadc5,train
49f6f0850a740221911add4b89b8c76b2dec8f10,train
7892bdd42b9d1315ea7415d0cd3c584ceb3b7cc0,train
84fb98123a9059879cf294edf28f0f4da4647001,train
ba65d0093a9f11e6215f255c63ebe9467260a228,train
0c67029a71750f92483cdd0242f1f80d2209b127,train
23991bf0a92a74a655855bd28d09e77c8ad2d81d,train
3527c9fef54d2cb9543621d27ebd77ca3f9727e9,train
5b06371fcb135adfdf5280791eb4c0750aad8d9f,train
961c6f216aeeba155e07ae29d99c9719f4f8f71b,train
96dee874dee33e257e9a2a282a9ef18f631f87bb,train
060bb7203d99d2fc4d00eb6ec0f355d02b2dd221,train
4f2d32f797af608aa971294eeb61e2726c5c227a,train
bc0676f5ba2426c6144c4bac28fcfcb905284404,train
cfb3bdb2e5df730e05e4d6dd5fc58171815ec66b,train
de91fc7a7fc0af053c1cd153aff4659a45260419,train
05843cedc45336b4ed7f9bd1e40dfe9a20bc69df,train
45ec88c570f2c80af2cbf861ef977f84ace76684,train
47ca87fff3b7fa3cf215623f6885cdfe5493f118,train
4e277169a0cb5d0c38bfe186f4c7f90ad9d42e23,train
fba36b6fe3c68b2c0c22773add2744ee3587b68a,train
6319db0ba3ce4f2149058dcea02451e711408c2e,train
7eb67537ce2591d49a0036934787116f6476e6c7,train
9b2d57de1b44e8996562da3be5bf88271e12e5ef,train
ad12b8a7deca136a52b73a850f74b4a9a1e82db4,train
c46cadecd8f62b308b96a179148759e2b8a93e2f,train
222f89cacb73c757d72b6e4dd409706c6453644f,train
8a3a94c7190e0d3d44ce37fd43749055636e1e2f,train
aef5236e2cd06fcb0d38480f57a3742101555924,train
d7eb0a74baa26e88ba62fab6868b70229eb3b08a,train
e67afa4462f10a8417b7b7fd96719af5d071cbb2,train
78f5641d2961e54920e44d2090f9eff39c77e5d7,train
c1088ed5f6728ad96382a9bde2ff9d99685aa3e0,train
c23e1199f6cb0babee429d428f3506783715e141,train
f3f61f84edd2f6b6bf69c7f33dce41ddfe0c269b,train
402da416675b5c3219a3e05732f9551926b8e7a5,train
4c09e74b6b0e48ea31dd3d41a89b8d3b314632a7,train
aa94bf9e92a326df6a83e7517e917573eabd7e6e,train
bc432951fe4472844bd3965732643ee52a2b4161,train
097b92aec874700f9fc734cb52ec4868ee495da4,train
151921ce7b3d63e4c1336b6a7b3562bdeded080a,train
4cdb14140d520698d82ff7f69a64fb70f20b12fc,train
b1667dd8c0f16ff3ea67cf35e401c6dd4c7d1cbd,train
4f469337dc9027bb39642eb6271470b9ddc86995,train
71a546711b11adbf8d7f352a83cc6805c7c5a32f,train
9273c3198ae770674dd31af981e4236b4068b3d0,train
c6e5f7392882b0e242266389326888bf2bb7d0e3,train
0506ce0edabcd0a8375428ea0f56191088253dc1,train
7653914b141b5b70236679e9b33f4f39b03d007b,train
d5be3c13ab85582b4185c0b63988b29f4dd80507,train
d790b5d23eb86d32d815e37e7c9a3fddddcad39c,train
30de6e8915f23c13369d5ff18976c94f34963b91,train
5cca7ec9d73da4d7a72a4c686c39318c1701e4e2,train
c3debbba24893a054283daf78b60d789ec819999,train
dad3789b6385441529b9db66490f5e719a0fa632,train
00146c4487b5913724f8fdb625024f4ef51dc561,train
c460e62939bfd4da70e8166e32092531ae869451,train
d8c10f0d2e4f68092c0b8e1de70946dd3ea79b47,train
f057da082168c0defc2d9b182622d2578bf927c0,train
2b37efe4ee6927a589b41032bfdd1a75723ed041,train
7dca84774c0dcb9b515b740055fb3c5fbd73ded5,train
b1c658d499d375d665a3799e9e815c0a7261bdf1,train
b4d2fff71856bc9caae702107b0678cc55c3ec83,train
161ad74f5c5a9355b1ca3572072d53263bff4e3a,train
7f4acec39ee04b533471884b46c2e11370c429cd,train
809453b1ea9081a73b5c399d88ddd1fde4ec6c55,train
a8b77097992e9d1e0dada0f9b036244b4ef6843a,train
4557cad37656003c8be111117cf7594de27c5e48,train
959d98e36bb44a8813479c3205cab856562ee8a7,train
9a08ad55b7d20aab813158927a22fb9b999ddec1,train
172b0f562d9593cc057f242acab2ce4ce9aa4855,train
c2a433f5d323cca54acffe58ba15686196fd0c39,train
f3168e8496e6c1dbbb7dec605b8bf7376e882982,train
82bc2688e377cfcd74baff6a99357dc7120ef63c,train
8bd17e60eaddd782741fdf9e4e735647a3d82b43,train
db3acf900e19f40e8660cfeedc1efac7eeb87bc5,train
38e45442b4f7857efb957e89b9bd348027ddc931,train
6c51026b337f86e961b8b9bb20b84882920d27e8,train
af7c73164a6bb23348508dc7396d988efbba5ebe,train
91a8c32408fe1ce70d932680b2b0309b7f7b2954,train
cb0f4a558c35373cea34638873b2e7a254b79edc,train
f93d0c7968b6be8266885e734663ed0d569d128b,train
3f2657067f0b2162610459801fabef88c7c243af,train
a51a844e189a38c67c0fa50c2440f24b5b9b4cff,train
c4922f67b090575947bc13f4f38d15adf7125fff,train
158c3bf9002ff63dee8b946653e2745257343e5e,train
96ec6499d6c0aa8982db7f6cf7c1bc43a4e35f50,train
c01e5a30592f672f36890eba998d35d34573152e,train
05162e852ffacf3ffda77ef923fbf93a11609eb4,train
eb925310f50e38863ae019fafa4afd02f42886dc,train
eba9260360bd25fdbfa0af84e2ff452823062d2c,train
32d7d682bff89a9568d1023f76bb18f9e0fb9a8b,train
48d7b38949dfe7de73d1848ac172daada82bb108,train
c2981b4e19b3ff2ef36d1ef784d33ab928168e93,train
148a9875ea60b78105c0cb38ad51a80a641b8a25,train
30e523aadc15426d2c0fd104577bc04e2cd61beb,train
5ea6c3e7ad301fbabcacab37e0957bb18f0a2010,train
0f8f090525f15683ce9791d3329553d58b670dba,train
26915f80632f404954d52443b168b6ec9a45256f,train
d93244f76169c66975b7832ea428938d55f1c231,train
245a8f9b67129defd124de46a9b2c901d4e43cc1,train
29e4bd10a745bd3ba4be5fe95dd4d136737949f7,train
b6246fe158af8c1077def9829f7162cce485cca6,train
9e73f5eb87eb44328ece8987d42b0d17ce530b02,train
e895a8d48ce1e28a440af5dd3b46d0a9ed358aed,train
fc9de41de93110f87cf7aeb789f73f34b2473111,train
22ae4b9da8134787e30c2f1ea297f59d799be6a4,train
4609b7a1e3c2edfc6cadb0a33afc46e8c29d4863,train
ea97170b3c8a54340cd182c10477761bdb6ccb38,train
81da1bec96f489a79d05578b258c67d8d6d7e9ef,train
f49e8a7eb22e087a5183ccf4368c1b7736975805,train
fabd674f053432f245686c2e6c10d1a277aa7ca2,train
5dadf023f8a146032bf15fdcf5ab6674455e0fe9,train
8f5c9a533f83f00d28bad8c37a42e333d557ec06,train
d1b0b0a1a8b1f8c80e8f159b8c42d119336ad7f4,train
90d73e1c1809041cc31b3308a9218feb20090464,train
95af6dc4faf4c2fa0286f859114344794af1ed22,train
ab750d76c02f4edae3320a2c103ea88824d1d74d,train
063c89d69dd8e01e331bf2f56db1c88040be3558,train
176c53adf7fc97fc1872c0db3c57886fcfd0ea92,train
c94bc1f492a3ea8f36861015cbd6ae8ddfbb860c,train
032718c2832934f66ae84877cf18b14c18901f5e,train
5e6cff01011a3b8c1897f835b5e8d033e92f4854,train
c5cab157f53f634f4dd0eed9e3895cfb2fbfbc90,train
08683896169c51b82ff0d87c6d8bec0e34b93a19,train
e9a0d04240daf3b7f786f1401681499196d5878e,train
a560b47b660098c1104b3e46b02e452141a11e2e,train
cbf53c35841e583310f177d8fcc6eeabca0de581,train
951eabfd3705aee0d9416688c0083f55f443871d,train
9fedf9ce6b9385459f2d4c08d2670df14f546df4,train
6692d80b2ee96e8930df97723ec917131b9b7360,train
9e72c87ad5f92404f4aa349f73c273c8b5bf3e92,train
068eaedc7e23d96a948dd689379dbb47fb60dc92,train
e11e25e6ac570981abcc4be6f7f460887dc9e271,train
083fbc4aa12e3fbcc86975a6cf9567c5460ad691,train
4379ee557924a55622a3927fba356d506739645d,train
0be8e12ca3719cebd4b0652fe762cd86d01691ef,train
56fd92ce0566558d6938f16908a20939386f04d5,train
7248f8d5de7fae114d375b168c54f60f679ebed5,train
bbd750961dcf1ba9188c0341c6c13b7464de5a1a,train
27668cfe7e999575751ef4798e6ab2e8d95c0632,train
bbac6b91c1e90f6a53d9c0f73f3f27739a01dfc7,train
13ed4ddbf873df3b9f40f4a1061ef256d13ed98e,train
a0e6bfd925707bee86579f947129781443d8062a,train
17331b32ad1e38932f4d1d72ab3391acd7123b23,train
5c57a1ee75723d0e1e0f89e5a8ea17518ea21a55,train
2d2421be59ff152f25f2fea6cb3ec7b0596a8fe8,train
7f4b8363f7df65a2abc92b21956e287995aa9d5e,train
0a1ec8437cff87de4eefd39fe55fbcf633eb4c88,train
2eb0204b30cd5ef483ee8fa12f6dbbc1f52f919e,train
5aaf0ecf3587b4f5de623112f868968482f5b7ec,train
d6b7e3b19587a3063b9d61468899ea3889646700,train
8618fba7e6d5fa4ec8c7a1cfae800e732aa6892f,train
bcd88623c87529c1a769fd23c33c2863ed377b66,train
0a05167c74701b162cfc7ee68bcca463787d102a,train
2dd162045856776ff6a88306ec1acbc3c4d7da92,train
0fc33ca00d2ef264a01838671a4c114fdf9e70ec,train
9d9fd61cc9313d0eac9cb112b669fbbae99999b9,train
2d3f8c458b98e6f65fd5a131446afb3cdba44521,train
9362814fe8770cc64970169159ef550456a21b00,train
2bff5455077487a87125062c9a0fc9bf75283225,train
5ac8c9f5a703ea452591cd868e7721d330d58651,train
5116966f31b45df1ce0e8d6add1e8a7337eead20,train
d2f8ec389ae373a23e3f3b29c183f3df32e6ce64,train
bea02a1a55a2ef912d30ff9f2174c794ff6fe66f,train
db75f37bb5ddb3431e913add11a6176080760a51,train
18c2a4d496f9c1922290fc066540831f64c1de2f,train
829d4f385151dbe2364b5b7f7d584cd49dc83972,train
6d944a5872d8383c0d841d74c5ff6ecbebeea2a0,train
ba798610db1b0c39794b91d0dc146f4ba97fe6ee,train
54bf15621a3c83026b0c174a16d1e00c62b5b9fe,train
f635b0abe8b00d87d201deb8454d6878fdc05576,train
476a6df06762e21482a8bac7c8bb7c8e457daa06,train
d2ab779b58650d82b2679ba5d3e4a11ec3822983,train
af1fb529c904d11128e37c7c7c170434e8112688,train
e2652adf00a0310fcfe72703f5c506f75b91970a,train
69f753cb114d90b398d1c32ca2f5c37576314961,train
b0e9d6720d4c9e6bef4e401defb14693b175d5eb,train
25b2c9a49ae64a1d07b71cd2c6dacda178f48998,train
b57a2db4678d98c5048fc93337376e235dc2486e,train
bbbc15647ecfd0ca199020db0192e22095f3ca29,train
fefcadc57c4bea2dbdefdc7d5fda65910bcaeb66,train
2fd14dbfacb2ee6f214e2b5cd721486176acfe6e,train
dd3533a9abf75a12f308c7486d2645229aaef2e7,train
c394ac1ea7bdeeb2e3896e3417749e2ed7d427a7,train
fe914dacc8be2dbdc0818fd5d269314a7f46ceb2,train
9d131411b7124752f16387fe41d04be04c99b96f,train
e9b6e026339e9988b98af1333e428a39ea43b55e,train
26f0f7f6209cb6646112586712103e402b622f6b,train
343642a778ddeec295a63883c7300fae450baae2,train
27e216b193194933fcd62321d8e86ed2d6455576,train
75787d88f0a92ed63e80ad91880ceabf32a3429e,train
36e98ef15e996345c4ce70d53d9c7b8e547d846a,train
4b301ffc0c0165caeec84a0f1592b9147d9dc6f9,train
72dc81674fd47f1a31953b881ca52e93e6afcd8c,train
923e429c5d789fb6332ebeead72c00e353e85e79,train
69667e0271deb361d92cee8e79da682832c48478,train
d43611bd1d4c60073b09bebee47d383d0f4ea47a,train
55e0f981e8312e6237ca6c70272f3a6d1c2d5998,train
e07ea91a15911e7a66f6b2c6a5f4828e234260b1,train
2acac814a38e9ee8edb57870380fc4912f5f3814,train
22ec225291675525fd5d3ee7e0d416eb22361fc2,train
a739b937cc386d249e66f60bb58fd959abea75a6,train
e7f1947ca4c0501665e386b9730b687400890ee8,train
f03c001ba4f5bbf4634ac2b872d6aaa6ba72a273,train
1b624406b134c8862456b30467da10a852146b16,train
1a55419204e5c1a9e0da0ae63ad66748dc528fe0,train
ed60802e8fc226fa0a14b57f121d548a6787be50,train
c0a7a4702d6a72574c974f873da02f17e21ed630,train
14f88417008a67f01d88f85225a0c5fff9ef0a00,train
138fb0e3fca70c96e0752117cc9d7b2bfcabc2a3,train
ac04af34a82de96d1e9a9fc18731aa7169567063,train
e6ecdf88736e7b29735d5bd99f4041084fab1916,train
083ce9b76cf96846feb272c7704381c1aa3adf58,train
ce8f95f833b84f6f260638750870981cd177e442,train
c219493c624affcae472d6ec9f0f340626076ce0,train
5b446500fe168ae44b2c41b06cb24f82b3e09ff3,train
fb1641e4c83d22477c62483b6f2693a2cd1d1edb,train
539ae4a088fe3154b3a63ce5fc5f9fe679187fba,train
31cc736d33d9848a196a76dac8564e760eeb7140,train
bcb1599df7d6c5b347fa0af117ac3caaa325db7f,train
de1e633dac3d28dd08f3f89445d9a7c08e9e2700,train
11597d4bfffb81310a7a3383203b1ae64b121041,train
d807904b85f96fcd83def4552ee2d2f42bd9b489,train
4d78bbd6ef1fba446033b139fc6fbd80e2a927d3,train
1ec56d512f8b513f9dc79a4c4203d4564b8cf46d,train
36eb97c0fb51f992e7f68a876acc1a2d3e2ab490,train
26933c694b104615570705a3602a7d533afcdc89,train
a7aa36961ffc6953e575d663494c34777ac97053,train
22c4b74279a14be05ddf2fecf8bf32def3f61c9b,train
c1394b3bee10caff394c2f38edde79fd15482644,train
ad559c2de82db09de79538af1dcf81a3d603f833,train
84ab3c52f783c711075b1385a3ebfd2a992722a8,train
4185a42192a1b2458672967b5f0d7fb293d1dc54,train
4399754962a3eaad16a887db69f49878f6473bc6,train
4456b87d6b271a24a4c97b4fc57c20b0442d4292,train
021cb38c85f29c349b2802926756d7c4fdba8b3b,train
6604b9a7900c24eb45f92aaab487da53ea73ad15,train
d80deca00847a8d3a88a1ef1c12cf1bf3c3f4018,train
ee76df12a02e236a198f66ca716f62f53724b493,train
857bea5bdff6a6c05b8d7f91f6f1fc35c64a3ff8,train
efa44735bc3d2b2ad3fc3645120819074f3e668d,train
e992c386f19169842f767f43f0852b02b69cc078,train
07323b08836786f19ab2b081e496db43e1708c9a,train
5295c4d931b56d70800c3700f79c5f1dae31475f,train
f4d3c86e6e6c25c94ea01c9acf26ea8a83e6ea9b,train
8c43a06b4376f027dec9e2dac1475125338398d8,train
134001de89c8f9924655b206909a3a351e95afd9,train
82a4b0c4ef5857498c0d5446f1532a76a68a5ee2,train
a73bb6df5930a17c656f5096112199b037cc20a8,train
338c8385e95cf4cf2510fae8d333dae1c095b06c,train
3401daecb14c5f3100ccc0446f34b88fc1db7d1b,train
980f0e7cfed051a3fbfe981ae37b1b6d1ee0055e,train
43f79db988d9a4cef4302551a8952dbaa0fe1886,train
10f14c9a3f1548a4873353bcf1d8130edf08a268,train
3ab69c38200144c90d215455ad38fc5117cfd715,train
af18272dbae1580a6e73db48e925c6ee0cc69169,train
ef712044b1b4617788e0a24b865738f799de7e03,train
6aa98e36644e57b2645e7d821f3ad2111b94c85d,train
8f265ce5495102763a3d1d8a12a43c88c3379dea,train
c88428c0d8e2ca0fdce68000957fb8a74127c5a2,train
ba7d5c175a521486309a7cd1ee629f2bad998f7d,train
091fbaed20b9ca403c424ede0c3ee0be8ec107cb,train
35c38b994f2223b7270f800775f604c0f79f3bd4,train
8591574e25f32f30193a384d8fbcadbf8a95ce82,train
a6821a869403ba7a9641950821005cf9390ec7d6,train
8bb7cc317f917fe1243605ff1c67d4a55ace3632,train
21705d40e0177efa509d6d786d48650432d56706,train
0d1f705efa1cfddc2d3e6ac4ae8c221c11fb3125,train
5caa7feee3c9abc0dc6760969094bd7ac238e8c0,train
4367cb446ca2f6692baf9fd6a424f86c18a6106a,train
e8cda283f3261597019437e6174cc9277a74b3ab,train
be9e272591456a21b214ccb2d6e616ff1952c19f,train
514cfe1e9a34c940aee54c800c60d0ef27a81cf0,train
c271d8c085508299ec857cb94bd80ff2139ecf3e,train
44a1167a34b29c323622903564c3ce1579356b60,train
3298e88862c3df442c86f885dd7b5566615f7293,train
28dbc08d0c23822a375c9e0c2e10e292dabcbb77,train
dbd531030b4c54b13e309e3bf28fe7c3adefdeaa,train
c7d6fc5e4bf7becab0ded8e0e7a5bf54d5d8f8fd,train
0ab5fc1803b9adf390ab3e9ad75b2c6108efe98f,train
9da429af042d26558d496ee0b490cb2f7fb3e1ad,train
ccddb2e3c80b4c3c8095a9f23fa44ce0aa1f358f,train
7f0caa7f6b054d6cbde3617f17a62511f0620af4,train
d26964a99417173d0ce9b5a97a97920f620842c0,train
8dac20ce10455d5c72bc9dc8753af6e52c81eb32,train
4d83b8dddf6e1db0054bf8d8ace5a331c0abea61,train
1bfb8e2fe73336ad9f1bd80bb9d64f06c125739d,train
eb050a6e96a918b517dfdc28c900becfa2c35da3,train
7911e1fe11af22a89761e2f32f55cf181c52af82,train
a3b3e86a0e44fd326649d7b823d018f81a66cef2,train
f004a21df8f920bca54e0d49e63e7feab8e35e01,train
4012678f2a36b577dc93ab2921075a7be0e622f9,train
55c3e75d89795ff18f9f8defe50d2c75fae224d7,train
96a2082957b720097655ef32efd3df758df2f697,train
5f4b0c9fad220e73313d51ee7fa60887b0f6ea72,train
83a84c0e0b1cc2667af632613cdf1501558bb14c,train
7a7205f68340a2895a326726c48d6d19021f08c8,train
01350bdd2ca356196a613bdcb71929dfa760b79c,train
5d35bbec9770128b0437f80985d2a99241439a9f,train
e3eb587a21876b4e57acd2e1cb46c2fac550eeac,train
7e55c6eeec06ae22af635fcfd02c949113b670bf,train
7b972e1242d15aa129a1fa21686c06043364b177,train
b3deef418307df9b30f38155d3cbbdc3542d035c,train
ffff20d98e9fe2d6afaad4ba818a50e85fcbda2f,train
2f58388a144ceb04bad77c3d285f9a1edb39c1dd,train
ee8ec54280e0b738e1f96a8cfa897db845ecdcea,train
c6012a244443e2fa428f6b064e2e0f373a428e2a,train
a67174889e578df2f66077cec833648a3da6e68e,train
fdc910d627e8ee05a8281e25819883c845508061,train
a5d1996601341b583eb8452cb86b5f4df388dfab,train
4adf83ea8a8bbf2f215fe52626bf004aeae1aa96,train
2a74ebf044e7d492b6d0d54db699da091bbe736d,train
a21648455438688f54d81cd4ec3fab1393e5cb07,train
25b07e014de6c481794fd4a0084359f9d2fdbaca,train
6cf7e9513336cf96c17cda8ff9b032948078234e,train
a95b71dccdd5cd9f7458a864c8d9467b948e41cf,train
feb38c74110893572f3a4c3892d586b85bf04006,train
c7bca82fa4a9322eb30431ffe9cfd09c0bae55c7,train
59522e656852edbe05f80fd672e97721cd9c72f7,train
78ae4fde055e326a8529720585647b42c0e169a6,train
d0217952d18888253f306ed144b6c4c12f4663d8,train
a180e37baa48f151c00cf5a65b7810eab27a3ed7,train
0ef702d638386214fc5135683bdbf23c906c620c,train
14990e3e56d3f4a728199e4fe079df492e4d0e0f,train
103631bbda235760ebc205193b3ec31a0c4d26e6,train
3746d962fe55f77742e9d78de1f18d0aa1a1db22,train
3662c11c22fe98f59fc6861ce5c25aa0a929445d,train
5b45625f7ab0e73f67734e9d95fe7245ffec513f,train
f39903ddbcdba8142befdad537ab321be60605d5,train
5f0a779745369233c77e6ff4363aeac847d9d2dc,train
497348500f464f8db7986e409006bbe3fa29d2aa,train
47ba178709896c9948bb477f596b94f0e267bfae,train
f4fb5352da84c3f1cb10f8ef85cb30954b352805,train
a82c3dad5bacfd1b485c0b0b5eff80dea3aa6c24,train
7c11c10422bd34839a257dcff8b96c0a553455c4,train
8f30c8f6071a311fba6608525874036532b27f09,train
69dc125ffd82216709fbdcf47220569a19e86450,train
874765c5e7fbd0ed65285526870b5543de442d32,train
0d358663fbfac412785528814bfaae14995f030c,train
022b9c5886b0136006e5b7146896a347dd7e5720,train
46b2801089f18d224d441e46e987706215b98910,train
92351bbf7f49ba29df87e6d2b420f5f8ef91bc50,train
7fc06b8cd35803d2071f9e1ed65e5a5ff62bdb29,train
9cf102be139972337977d110406814ecad7bad1f,train
cfcb14106353b00fb3cfd2a6eec0d2d4cd9537ae,train
474efbe2ce7c6391ee166d81f38af37ade51de6d,train
e09aff84ace357e890b4cbbb393084da5a266587,train
3573c313800a6f1913d1e8d669438b5722f51b51,train
b264552d6739153e63c2d112452ce195d463b8fb,train
fac2ee558771088da6d6472022ec67915b6c354e,train
452c4fdc077fbc4ce7f0062740ef1ffdf3a3aab2,train
e253c9ef3cea6d5a75d0dcadd0701fcb789f287a,train
a255cfbaffd254d2944b227466d8faa4fc6d6fb4,train
9c5e7702377cd5e1512613bd5c0ca5c4ff060ead,train
df53c301f4107e53ab5601f1cc36a4db10a1df78,train
9c9ec47d9443641fb9dcb6ba7d854cbec013a198,train
b2dc51c794c8b541c67068d3a25017b9211656da,train
7db4f6156664b007f077b7ebee8c13d62a188a36,train
27c83bc049ad4d334e06cb766268f73eb5cdf111,train
ba0c9d92a655a4a82fa3ceee3051b702b783b076,train
06f1369b097f1cab5a4c3cd063c33df98b00bea8,train
3be13766859a7d0c428e7202bfc77a9a503b0403,train
6d93880b4c9d555bb6d1d383d6699abb2f6d97d1,train
aafc2d4b93afe2260fe20e201ab4a555c293d851,train
da7d4cff37c59a00fe243fdb2854bd323c760b1c,train
13a5e829ca960b1445a2977a59abeca1cb0d75ff,train
6ea45fd7cacd3d3c0772a0d0fbe352cc6bf5f6e5,train
93a89e76ce05c05b3518e360e893268479f35b94,train
6bc62ff0eeb708b1ac065199bc298dfc88669c4f,train
358ca3d9e32621078f86c0d27241c8ec40ab8567,train
eee27e3fe163fa719ef347179a87479b74546ece,train
a271fe39085b77263425a74629d2aca7c8d1735d,val
00383cfc86f70b6375d9de58392abd9ba72c19c9,val
59ff6f6e3249283cab14f01e7506b3bf21a64cf6,val
898af8d10b3a1893cdb7632cfee9f7e8d5f792b9,val
5e1c08c9dec3208b01177fde73fae958a19d7339,val
d38201813ffafe8cffbc94074cef94b6b7d27bf0,val
5adc0dae9c960d7abafe585f18b3d65044a6d3bc,val
2fd97bf9842466d8783fd9f5b1e6994f771db286,val
a7dd6aaf7f5ba83b44234a1242551dc471de53e2,val
450bad385cce1c7c933097cd28c171cfb8b6b98b,val
8802c63adeaaa1f594f46e53645d646aacef2e66,val
a1886aaa42a2ee3efd4975c199a7c5a8c9e1fdd1,val
56d357956d229ac488955e19712012694ae83e04,val
22d722c92e788396501533bfea51860fea3c9355,val
ca65fa1a551072dc895e30f4d288ff9ab14b55ea,val
3d820ec6f4d773fe2a793501d914d63c01448b3e,val
cbe515e99522d92e31e3c7fab1f117f4c932ec62,val
c9302923a7e332010e33e6bbb8be4e10df3d95c1,val
a8a6b1664facbb6c9b5aa6f56ebb4c475a87f882,val
f6146fd631a2bcc566d28be5c001e8278ef37336,val
7fa893f348b2112bf2f0415b7d9047bf1527553a,val
b33388b694b86522b7551996e8cbdc302e88fafc,val
2e223f8882f5a40bf83dd5101d189cf95ebaed0c,val
6930e2e7287c23d65e9148b30fc8b8774112b057,val
24dcaf8d1e484264582517cdc8e124bb34ed223e,val
882d91498e000727c6262b841f336293097fd2bf,val
f19a9d442c53a390d368837608a52817cfcb52f4,val
f8ee8aef31a8cecfbc249993d8b42932c153a046,val
37af3669ce7a972b68c2b8abeb664ecc91ad03ff,val
1ed3c3f4d3fb2e31c88884a027da4ea483d45c5d,val
7715c9f761270a3f564023ab34cce5f2194f10f0,val
2a141cb7be89cc881c3eb9c3a13ba43e26d1f9bc,val
e3ab30b795b826327506b7f6dfeccc2920c68137,val
ee4f2b0ca75b2127c1bb52fb249a9e0ef9a96722,val
b84fc82131ff63d6a32943af0d112bf74ab29a9c,val
463fb7975eada1cb2f22be530769d1ed39bcf49f,val
763cc80a5c4ac2a863c84524ec4eef5bc1bbde87,val
c86a1db5b3d353af9f8e7c867fc8b24796175ddc,val
f447f0c3de1537925fc367b6634f10867320c0e7,val
77206efcfc19d4de3618e879bae4b55829d56d5d,val
2bfb48e484d98c7b7249752b8e8413d3702c23cb,val
b1e54ae8e74c250f360d34b04662d17387e87a62,val
a7258c4135cda5f1cfe4a1527b6dcf96bce44d60,val
7305747de88efdfc0df6fbf8ffb22835382ef65c,val
9db77e91f558a2a82e0f72cf4591c659f850261a,val
a1de6ee41bb65ac507ccb21bcd71cd6a4781db5a,val
2a7fcb2a436c83a88f4b7814ad997037c3014f92,val
b96487c3cd31e29c8709fe68dd8c22bc2bcb5b11,val
3f7a0f2aae040ac460ad65785ee821051d5984ba,val
0b2948a9e0d8f88e972a0cbfa7e7af5a4e735180,val
111db47c17acaa89d5232f0c8bc26c5415571fa9,val
09a42ee56b2554f225d5cda6c1279786c6f2d0d7,val
1f30c4ddc461e5a9594b790e20c640f31cd59f7e,val
6356f18adb39906eae454f0223fbc5ae3947ac54,val
f29b86f7916a6ed7c9855c3e518d109776dbb5ce,val
38ab43e6efd975bddcf4e6c5d0246f2a19136f8e,val
c3239f9af56940b2d53db37e53ad6bd414bce95f,val
25422a0b1b0377b55f7c63c1405319b5b08d1d0a,val
791dc0e923bf018a3e0896f4b69511882d44dbf9,val
443b221b0d5922b5440640a53c64451701664537,val
f44e8bd8188629017cc42614e121348b4c23e620,val
3ee52b6e87b8f91be08af372918fe34b4c8bf7dd,val
2904a7bec5a2c1651052ab0f001ce83a6f4b47ef,val
60d81919c3a26461ad86413cafebc02498b9537c,val
283177a2e0f779dbbd78b73833132f0dc0f4c7fc,test
679ccfb75a72b9d0566b960662a867ffc02f226e,test
b11e4206aac37096314d54c90e5186dd5ebe1fda,test
86f912af7016b04ddd7014892b4cf4111fc22b6f,test
e507e4d0d9de0ca4174be770ce5051e284a4351d,test
cc79bf79585caf1d41e4c702c4d2e4e00378c6d7,test
7f1a1cc2e842a35e3634d0c706ef5d91f818ce22,test
7f751e241a93ba3fd9149a003263c14056010411,test
da9db1d34872ff4b581176d400b7e2221bd4e9ab,test
1801c8b43ae7a3e480d6842cb60f8a41bfaeb616,test
003504642edb160b99066749ddc8ce0195b18f24,test
3b55ff3ee90a379eb9eb2979ab7e42d86b7ab44c,test
4cf96c3885429ad0ed9602ed881e33b45b3863e5,test
5c414aa52ccf4ab2f33a5e93e73d97ad4bcad12b,test
0b9daea15af3adfe5bbb08e0e6104cb5f9c819c7,test
2ee9e724bb7b1387d62824f2333d3aa977836368,test
d8e681ab2b7868cc60b199e691c86069d2c5657c,test
86ed0eebbc2f009533c05401de7d6f86a099f90f,test
155f96de99313994754f118f18771afb3ef4d1e3,test
d6062600a3c648864d4e423dd4ccf47ffe1ecb0b,test
09b6b37945ba6b82dd6154bda0ba73aa31441eff,test
9d510f28ce3cf025b8c54916bc29fb03cdf57776,test
a0b9920bb7715f061c983498d16ca3defc059170,test
c4e21c5a96d22076122e518189a63b0a60c55e46,test
4286954e14d6c38d03878bff2b8f2298135bced1,test
953c7271a28decd7e2a6dad1d9227234d4772544,test
bb0aa73314a09c44fe823f154c1e18b422b4f9d1,test
9da84360bd49192655003b99de1e76f8a3a94388,test
92bfa0fbfbb4547010047cc87fb7119f7dbd8f36,test
cbe5b0d906dbba21eec5ced2c54e609f7a479fc5,test
c07793fc029dd2f30275c779af74740f95b15554,test
d1a237aed3ade572e64f97e016fc7d5dc4cd5f46,test
5a7e1872a4316614a208d1d12185c47cfd1d4dfe,test
42f9b753880654b16418c88401f9e498987985f2,test
5537424a7008d07688f15e11521273b28251766b,test
a64d154d84b68f3b6b50a19ef576eb8c470d9021,test
7da0523fa6a1eb34b26652478958845842494ba0,test
d0362762e50d8521bac69e703474063c0dc6ec0c,test
a57644ff8ef4ae3a2c90d2e5e46870248802ae7e,test
41750b4b7b079851723556692450c1535b110bc4,test
30f64c466f25da100e9dc5dcbd162c379b33bac0,test
577c0159834810bf02f218bd8a14abeac5ebc439,test
ef7f14e067dc0416dada1a006e7897f5e10517d1,test
20ae67ffe6fb365715533270623337b04f656686,test
038ae09193748b61bf94377acfd86303c970fcd0,test
1c6b8fbf84878ad2cc096f1b681c61eb3f3b8b4a,test
968cbf400f76655f7dbb77b2dd2307e75690ac66,test
05fd1b0d4c3afa422358d13a0ce240678bb50786,test
077ffffad9139513126ae5be0e110ea728679b99,test
1f496e0a8906e7bcdfce6a9674e61f73024e2456,test
913ac07d04ff692ac7d8c833cbe2596d907d381e,test
a142de81742ea89aef6181447add5617b3900d3a,test
0804db4bd6bce958b143b29707b15b0139bddb82,test
48e782795fc743072d660156fd3c1e447564def0,test
d8b0d7829aaaf9b3d48ad7b5c37a870bb65712b6,test
ab019515cff547aac3b28aaa36d58b52903aedc2,test
f4951a501545a823a689e796da4f189ed61550cf,test
8cd09024e02864749a1bd835c02a47847b3df26b,test
31136e730a414f1ebcf0742f98f81463bceb0e0f,test
ada8a1088cc932edd959e61cb76cb5c92c87015a,test
2a2bbd59bb7348f2616a573b243fdc265d0dff13,test
3e9350353317befdb0d8390799de5271470f86d6,test
34e54334e9bdf1c4255ea57afa985d3f28d6117d,test
