mol_id,smiles,y,split
5b446500fe168ae44b2c41b06cb24f82b3e09ff3,Oc1ccc(CCN2CCC(Nc3nc4ccccc4n3Cc3ccc(F)cc3)CC2)cc1,1,train
2a2bbd59bb7348f2616a573b243fdc265d0dff13,Fc1ccc(C(OCC[NH+]2CC[NH+](CCCc3ccccc3)CC2)c2ccc(F)cc2)cc1,1,train
47c789bdc23c13e64ae755ae48bea06950eadfb8,CCCCCCCN(CC)CCCCc1ccc([N+](=O)[O-])cc1,1,test
77820f14d8fcc9491a8008b1ac2b08aecdcc0101,CCCCCCC[N+](CC)(CC)CCCCc1ccc(Cl)cc1,1,train
fdc910d627e8ee05a8281e25819883c845508061,O=C1NCN(c2ccccc2)C12CC[NH+](CCCC(c1ccc(F)cc1)c1ccc(F)cc1)CC2,1,val
a73bb6df5930a17c656f5096112199b037cc20a8,O=C(CCCN1CCC(n2c(=O)[nH]c3ccccc32)CC1)c1ccc(F)cc1,1,train
7db4f6156664b007f077b7ebee8c13d62a188a36,Fc1ccc(-n2cc(C3CCN(CCN4CCNC4=S)CC3)c3ccccc32)cc1,1,train
ca92b7201e3b50fc18dde0c55be92616fbf5a336,O=C1NCCN1CCN1CCC(c2cn(-c3ccc(F)cc3)c3ccccc23)CC1,1,train
da7d4cff37c59a00fe243fdb2854bd323c760b1c,Fc1ccc(C(OCCN2CCN(CCCc3ccccc3)CC2)c2ccc(F)cc2)cc1,1,train
d6062600a3c648864d4e423dd4ccf47ffe1ecb0b,CS(=O)(=O)Nc1ccc2c(c1)C(=O)CC1(CCN(CCc3ccc4nonc4c3)CC1)O2,1,test
5ac8c9f5a703ea452591cd868e7721d330d58651,CC(C)(C)c1ccc([C@@H](O)CCC[NH+]2CCC(C(O)(c3ccccc3)c3ccccc3)CC2)cc1,1,train
f4fb5352da84c3f1cb10f8ef85cb30954b352805,O=C1NCCN1CCN1CC=C(c2cn(-c3ccc(F)cc3)c3ccc(Cl)cc23)CC1,1,train
bbac6b91c1e90f6a53d9c0f73f3f27739a01dfc7,C[NH+](CCOc1ccc(NS(C)(=O)=O)cc1)CCc1ccc(NS(C)(=O)=O)cc1,1,val
1451f091fe507ebb4c11b5a51a2508d5a28531ff,CN(C)Cc1cc2cc(Cl)ccc2n1-c1ccc(F)cc1,1,test
2d2421be59ff152f25f2fea6cb3ec7b0596a8fe8,C[C@H]1O[C@@H](O[C@H]2[C@@H](O)C[C@H](O[C@H]3[C@@H](O)C[C@H](O[C@H]4CC[C@@]5(C)[C@H](CC[C@@H]6[C@@H]5CC[C@]5(C)[C@@H](C7=CC(=O)OC7)CC[C@]65O)C4)O[C@@H]3C)O[C@@H]2C)C[C@H](O)[C@@H]1O,1,train
18c2a4d496f9c1922290fc066540831f64c1de2f,COc1ccc(CC[NH+]2CCC(Nc3nc4ccccc4n3Cc3ccc(F)cc3)CC2)cc1,1,train
7f0caa7f6b054d6cbde3617f17a62511f0620af4,C[NH+]1CCC[C@@H]1CCO[C@](C)(c1ccccc1)c1ccc(Cl)cc1,1,train
0d1f705efa1cfddc2d3e6ac4ae8c221c11fb3125,Cc1cccc(CC[NH+]2CCC(C(=O)c3ccc(NS(C)(=O)=O)cc3)CC2)n1,1,train
e4a06a968bd5ada807e1f9f504a1acd42c942368,O=C1NCCN1CC[NH+]1CCC(c2cn(-c3ccc(F)cc3)c3ccc(Cl)cc23)CC1,1,train
016b6cb61359d0407f1d25ac24919ef0bc975a75,Cc1ccc(O)c([C@@H](CCN(C(C)C)C(C)C)c2ccccc2)c1,1,train
2904a7bec5a2c1651052ab0f001ce83a6f4b47ef,CS(=O)(=O)Nc1ccc2c(c1)C(=O)CC1(CCN([C@@H]3CCc4cc(C#N)ccc4C3)CC1)O2,1,train
953c7271a28decd7e2a6dad1d9227234d4772544,C[C@@H]1O[C@@H](O[C@@H]2C[C@@H](O)[C@]3(CO)[C@@H]4[C@@H](CC[C@@]3(O)C2)[C@@]2(O)CC[C@@H](C3=CC(=O)OC3)[C@@]2(C)C[C@@H]4O)[C@H](O)[C@H](O)[C@H]1O,1,train
06f1369b097f1cab5a4c3cd063c33df98b00bea8,Cc1cccc(C)c1NC(=O)C[NH+]1CC[NH+](CCCC(c2ccc(F)cc2)c2ccc(F)cc2)CC1,1,train
93a80f1f67de8345964f2290909c6fc7351dd611,Cc1ccc(O)c([C@H](CC[NH+](C(C)C)C(C)C)c2ccccc2)c1,1,train
a3b3e86a0e44fd326649d7b823d018f81a66cef2,O=C1N=c2ccccc2=[N+]1C1CC[NH+](CCCC(c2ccc(F)cc2)c2ccc(F)cc2)CC1,1,train
1ed3c3f4d3fb2e31c88884a027da4ea483d45c5d,c1ccc(-c2[nH]c3ccccc3c2C2C[C@H]3CC[C@@H](C2)N3c2ccccc2)cc1,1,val
3e9350353317befdb0d8390799de5271470f86d6,COc1cc(N)c(Cl)cc1C(=O)N[C@@H]1CCN(CCCOc2ccc(F)cc2)C[C@@H]1OC,1,train
882d91498e000727c6262b841f336293097fd2bf,O=C(CCC[NH+]1CCC(O)(c2ccc(Cl)cc2)CC1)c1ccc(F)cc1,1,train
4d78bbd6ef1fba446033b139fc6fbd80e2a927d3,COc1ccc(CC[NH+](C)CCCN(C(=O)c2ccc([N+](=O)[O-])cc2)c2ccc(OC)c(OC)c2)cc1OC,1,train
b11e4206aac37096314d54c90e5186dd5ebe1fda,COc1cc(N)c(Cl)cc1C(=O)N[C@@H]1CC[NH+](CCCOc2ccc(F)cc2)C[C@@H]1OC,1,train
db3acf900e19f40e8660cfeedc1efac7eeb87bc5,O[C@@H](CN1CCC(Cc2ccc(F)cc2)CC1)c1ccc(Cl)cc1,1,train
7248f8d5de7fae114d375b168c54f60f679ebed5,CS(=O)(=O)Nc1ccc2c(c1)[C@H](O)CC1(CC[NH+]([C@@H]3CCc4cc(C#N)ccc4C3)CC1)O2,1,train
ca65fa1a551072dc895e30f4d288ff9ab14b55ea,O=C1NCCN1CCN1CCC([C@@H]2CN(c3ccc(F)cc3)c3ccccc32)CC1,1,test
a82c3dad5bacfd1b485c0b0b5eff80dea3aa6c24,N#Cc1ccc(Cn2cncc2C[NH+](CCCc2ccccc2)C2CCN(Cc3cccc(Cl)c3)C2=O)cc1,1,train
0cc151b69aba1d30b041711fca28549261848bac,CCCCCCC[NH+](CC)CCC[C@@H](O)c1ccc(NS(C)(=O)=O)cc1,1,val
2a7fcb2a436c83a88f4b7814ad997037c3014f92,Fc1ccc(Cn2c(NC3CC[NH2+]CC3)nc3ccccc32)cc1,1,train
72dc81674fd47f1a31953b881ca52e93e6afcd8c,Clc1ccc(C(c2ccc(Cl)cc2)n2cc[n+](C[C@H](OCc3ccc(Cl)cc3Cl)c3ccc(Cl)cc3Cl)c2)cc1,1,train
829d4f385151dbe2364b5b7f7d584cd49dc83972,Oc1ccc(CC[NH+]2CCC(Nc3nc4ccccc4n3Cc3ccc(F)cc3)CC2)cc1,1,train
b1c658d499d375d665a3799e9e815c0a7261bdf1,CCCC[NH+](CCCC)CC[C@@H](O)c1cc2c(Cl)cc(Cl)cc2c2cc(C(F)(F)F)ccc12,1,train
be9e272591456a21b214ccb2d6e616ff1952c19f,O=C(CCC[NH+]1CC=C([N+]2=c3ccccc3=NC2=O)CC1)c1ccc(F)cc1,1,train
e9b6e026339e9988b98af1333e428a39ea43b55e,CCOC(=O)C1=C[C@]2(CC)CCC[NH+]3CCc4c(n1c1ccccc41)[C@H]32,1,train
ac3b46979de6a169766cd6e19c04064ce519c708,COC(=O)c1ccc(-n2cc(C3CCN(CCN4CCNC4=O)CC3)c3cc(Cl)ccc32)cc1,1,train
b1e54ae8e74c250f360d34b04662d17387e87a62,COc1ccc(CNc2nnc(N3CCC4(CC3)CC(O)C4)c3ccc(C#N)cc23)cc1Cl,1,train
00383cfc86f70b6375d9de58392abd9ba72c19c9,CN1CCN(CCCN(C(=O)Nc2ccc(F)c(C(F)(F)F)c2)[C@@H]2C[C@@H](c3ccc(C#N)cc3)[C@@H]3C[C@H]32)CC1,1,train
7f4b8363f7df65a2abc92b21956e287995aa9d5e,C[C@H]1O[C@@H](O[C@H]2[C@@H](O)C[C@H](O[C@H]3[C@@H](O)C[C@H](O[C@H]4CC[C@@]5(C)[C@H](CC[C@@H]6[C@@H]5C[C@@H](O)[C@]5(C)[C@@H](C7=CC(=O)OC7)CC[C@]65O)C4)O[C@@H]3C)O[C@@H]2C)C[C@H](O)[C@@H]1O,1,train
c2a433f5d323cca54acffe58ba15686196fd0c39,CCCCc1oc2ccccc2c1C(=O)c1cc(I)c(OCCN(CC)CC)c(I)c1,1,train
7dca84774c0dcb9b515b740055fb3c5fbd73ded5,CCCCNCC[C@H](O)c1cc2c(Cl)cc(Cl)cc2c2cc(C(F)(F)F)ccc12,1,train
b4d2fff71856bc9caae702107b0678cc55c3ec83,CCCCNCCC(O)c1cc2c(Cl)cc(Cl)cc2c2cc(C(F)(F)F)ccc12,1,train
a95b71dccdd5cd9f7458a864c8d9467b948e41cf,NC(=O)C(c1ccccc1)(c1ccccc1)[C@@H]1CCN(CCc2ccc3c(c2)CCO3)C1,1,train
f4951a501545a823a689e796da4f189ed61550cf,c1ccc(-c2[nH]c3ccccc3c2C2CCN(c3ccccc3)CC2)cc1,1,train
cddc20d82ba58559231b647b00124d3eccf1d8bd,O=C1NCCN1CCN1CCC(c2cn(-c3ccccc3)c3ccc(Cl)cc23)CC1,1,train
bb0aa73314a09c44fe823f154c1e18b422b4f9d1,CC(C)(C)OC(=O)N1CC[C@@H]2C[NH+](C[C@@H](O)COc3ccc(C#N)cc3)C[C@@H](C1)O2,1,train
c2981b4e19b3ff2ef36d1ef784d33ab928168e93,CSc1ccc2c(c1)N(CC[C@H]1CCCC[NH+]1C)c1ccccc1S2,1,train
7ddeab0b21313f3d233e0556270afd74072e4f7b,CCCCCCCCC(=O)NCc1ccc(C[C@@H](O)CO)c(OC)c1,1,train
82bc2688e377cfcd74baff6a99357dc7120ef63c,C[C@H]([C@H](O)c1ccc(O)cc1)N1CCC(Cc2ccccc2)CC1,1,val
22ae4b9da8134787e30c2f1ea297f59d799be6a4,CC/C(=C(\c1ccccc1)c1ccc(OCCN(C)C)cc1)c1ccccc1,1,train
103631bbda235760ebc205193b3ec31a0c4d26e6,O=C(c1ccc(F)cc1)C1CC[NH+](CCn2c(=O)[nH]c3ccccc3c2=O)CC1,1,train
d807904b85f96fcd83def4552ee2d2f42bd9b489,Fc1ccc2c([C@@H]3C[NH2+]CC[C@@H]3F)c(-c3cccc4ccccc34)[nH]c2c1,1,train
aef5236e2cd06fcb0d38480f57a3742101555924,CC(C)(C)OC(=O)NCCC[NH+](Cc1cncn1Cc1ccc(C#N)cc1)C1CCN(Cc2cccc(Cl)c2)C1=O,1,train
4012678f2a36b577dc93ab2921075a7be0e622f9,Cc1cn(-c2cc(NC(=O)c3ccc(C)c(Nc4nccc(-c5cccnc5)n4)c3)cc(C(F)(F)F)c2)cn1,1,val
af1fb529c904d11128e37c7c7c170434e8112688,CCC[NH+]1C[C@H](CSC)C[C@H]2c3cccc4[nH]cc(c34)C[C@H]21,1,train
13a5e829ca960b1445a2977a59abeca1cb0d75ff,Oc1cc2cc(CC[NH+]3CCN(c4nsc5ccccc45)CC3)c(Cl)cc2[nH]1,1,test
12b19bd3cf4b83d44e894175130d22d22fa1b8c4,COC(=O)Cc1ccc(-n2cc(C3CCN(CCN4CCNC4=O)CC3)c3cc(Cl)ccc32)cc1,1,train
5cca7ec9d73da4d7a72a4c686c39318c1701e4e2,COc1ccc(CC[NH+](C)CCC[C@@](C#N)(c2ccc(OC)c(OC)c2)C(C)C)cc1OC,1,train
28dbc08d0c23822a375c9e0c2e10e292dabcbb77,O=C1NCCN1CCN1CCC(c2cn(C3CCCCC3)c3ccc(Cl)cc23)CC1,1,train
6692d80b2ee96e8930df97723ec917131b9b7360,Cc1[nH]c2[n+](c(=O)c1CC[NH+]1CCC(c3noc4cc(F)ccc34)CC1)CCC[C@H]2O,1,train
b84fc82131ff63d6a32943af0d112bf74ab29a9c,N#Cc1ccc(Cn2cncc2CC[NH2+]C2CCN(c3ccccc3)C2=O)cc1,1,train
a8a6b1664facbb6c9b5aa6f56ebb4c475a87f882,O=C1N=c2ccccc2=[N+]1CCC[NH+]1CCC([N+]2=c3ccc(Cl)cc3=NC2=O)CC1,1,test
9e72c87ad5f92404f4aa349f73c273c8b5bf3e92,Cc1[nH]c2[n+](c(=O)c1CC[NH+]1CCC(c3noc4cc(F)ccc34)CC1)CCCC2,1,train
ea97170b3c8a54340cd182c10477761bdb6ccb38,CC[NH+](CC)CCOc1ccc(/C(=C(/Cl)c2ccccc2)c2ccccc2)cc1,1,test
176c53adf7fc97fc1872c0db3c57886fcfd0ea92,Cc1cc2c(s1)Nc1ccccc1N=C2N1CC[NH+](C)CC1,1,train
2acac814a38e9ee8edb57870380fc4912f5f3814,CCOc1ccccc1C(=O)NCCCN1CCOCC1,1,train
2a141cb7be89cc881c3eb9c3a13ba43e26d1f9bc,CC(C)(Cc1ccc2ccccc2c1)NC[C@@H](O)COc1cccc(Cl)c1C#N,1,val
222f89cacb73c757d72b6e4dd409706c6453644f,CCCC[NH+](Cc1cncn1Cc1ccc(C#N)cc1)C1CCN(Cc2ccccc2)C1=O,1,train
e6ecdf88736e7b29735d5bd99f4041084fab1916,N#Cc1ccc(Cn2cncc2C[NH+](CC[NH+]2CCOCC2)C2CCN(Cc3cccc(Cl)c3)C2=O)cc1,1,train
9db77e91f558a2a82e0f72cf4591c659f850261a,O=S1(=O)c2cccc3cccc(c23)N1CCCN1CCN(c2ccc(F)cc2)CC1,1,train
c86a1db5b3d353af9f8e7c867fc8b24796175ddc,Fc1ccc(-n2cc(C3CCNCC3)c3cc(Cl)ccc32)cc1,1,train
22ec225291675525fd5d3ee7e0d416eb22361fc2,CN(CCN(C)S(=O)(=O)c1ccc(NS(C)(=O)=O)cc1)c1nc2ccccc2n1C,1,test
ef712044b1b4617788e0a24b865738f799de7e03,COc1cc(NS(C)(=O)=O)ccc1Nc1c2ccccc2nc2ccccc12,1,test
fac2ee558771088da6d6472022ec67915b6c354e,CC[NH+](CC)CCCN(c1ccccc1)C1Cc2ccccc2C1,1,train
eba9260360bd25fdbfa0af84e2ff452823062d2c,C[NH+]1CC[NH+](CCCN2c3ccccc3Sc3ccc(C(F)(F)F)cc32)CC1,1,train
3d820ec6f4d773fe2a793501d914d63c01448b3e,COc1ccc(CCN(C)CCCN(C(=O)c2ccc([N+](=O)[O-])cc2)c2ccc(OC)c(OC)c2)cc1OC,1,train
577c0159834810bf02f218bd8a14abeac5ebc439,CCOC(=O)C1(c2ccccc2)CCN(C)CC1,1,train
6cf7e9513336cf96c17cda8ff9b032948078234e,COc1ccc(C2CCN(CC[C@H]3CCOc4ccccc43)CC2)cc1OC,1,train
068eaedc7e23d96a948dd689379dbb47fb60dc92,C[NH+]1CCN(C2=Nc3cc(Cl)ccc3Nc3ccccc32)CC1,1,train
0b2948a9e0d8f88e972a0cbfa7e7af5a4e735180,O=C(O[C@@H]1CN2CCC1CC2)N1CCc2ccccc2[C@@H]1c1ccccc1,1,train
a64d154d84b68f3b6b50a19ef576eb8c470d9021,C=c1c(C(=O)NCCN(CC)CC)c(C)[nH]c1=Cc1c(O)[nH]c2ccc(F)cc12,1,val
b3deef418307df9b30f38155d3cbbdc3542d035c,Cc1ccc(-c2nc(NC(=O)CN3CCCN(C)CC3)cc(-n3nccc3C)n2)o1,1,train
aafc2d4b93afe2260fe20e201ab4a555c293d851,c1ccc(C[NH+]2CCC[C@H](c3c(-c4ccccc4)[nH]c4ccccc34)C2)cc1,1,train
898af8d10b3a1893cdb7632cfee9f7e8d5f792b9,O[C@H](CNC[C@@H](O)[C@H]1CCc2cc(F)ccc2O1)[C@H]1CCc2cc(F)ccc2O1,1,val
37af3669ce7a972b68c2b8abeb664ecc91ad03ff,CC[NH+](CC)CCCN(CC(=O)N(C1CCCCC1)C1CCCCC1)C(=O)c1ccc([N+](=O)[O-])cc1,1,train
5caa7feee3c9abc0dc6760969094bd7ac238e8c0,CC(C)(C)c1ccc(C(=O)CCC[NH+]2CCC(OC(c3ccccc3)c3ccccc3)CC2)cc1,1,train
7f1a1cc2e842a35e3634d0c706ef5d91f818ce22,O=c1cc[nH+]c(NCC2CCN(c3nc4ccccc4n3Cc3ccc(F)cc3)CC2)[nH]1,1,train
d1a237aed3ade572e64f97e016fc7d5dc4cd5f46,O=c1[nH]c2ccccc2n1CCCN1CCN(C(c2ccccc2)c2ccccc2)CC1,1,train
5b06371fcb135adfdf5280791eb4c0750aad8d9f,CN(C)CCC(c1ccc(Cl)cc1)c1ccccn1,1,train
f9828a4042d23e8e639b75953ead90a7519a4b77,CCC[S+]([O-])CCC[NH+](CC)C[C@@H](O)COc1ccc(C#N)cc1,1,train
dbd531030b4c54b13e309e3bf28fe7c3adefdeaa,O=c1cc[nH]c(NCC2CCN(c3nc4ccccc4n3Cc3ccc(F)cc3)CC2)n1,1,train
c23e1199f6cb0babee429d428f3506783715e141,CCC[NH2+]C[C@@H](O)COc1ccccc1C(=O)CCc1ccccc1,1,train
8a3a94c7190e0d3d44ce37fd43749055636e1e2f,N#Cc1ccc(Cn2cncc2C[NH2+]C2CCN(Cc3cccc(Cl)c3)C2=O)cc1,1,train
13ed4ddbf873df3b9f40f4a1061ef256d13ed98e,CC(C)(O)c1ccc([C@H](O)CCCN2CCC(C(O)(c3ccccc3)c3ccccc3)CC2)cc1,1,train
f057da082168c0defc2d9b182622d2578bf927c0,C[NH2+]CC[C@@H](Oc1ccc(C(F)(F)F)cc1)c1ccccc1,1,train
263e2955688d467daec1381c7f4b8ee4d9fdadc5,C[C@H](CN(C)C)CN1c2ccccc2Sc2ccc(C#N)cc21,1,train
e67afa4462f10a8417b7b7fd96719af5d071cbb2,N#Cc1ccc(Cn2cncc2C[NH+](CCC[NH3+])C2CCN(Cc3cccc(Cl)c3)C2=O)cc1,1,train
0d358663fbfac412785528814bfaae14995f030c,NC(=O)OC[C@@H]1N=C(N)N2CCC(O)(O)[C@@]23N=C(N)N[C@@H]13,1,train
efa44735bc3d2b2ad3fc3645120819074f3e668d,Fc1ccc2c([C@@H]3C[NH2+]CC[C@@H]3F)c(-c3ccc4ccccc4c3)[nH]c2c1,1,train
857bea5bdff6a6c05b8d7f91f6f1fc35c64a3ff8,COc1ccccc1OCCNC[C@@H](O)COc1cccc2[nH]c3ccccc3c12,1,train
43f79db988d9a4cef4302551a8952dbaa0fe1886,c1ccc(CC[NH+]2CCC[C@H](c3c(-c4ccccc4)[nH]c4ccccc34)C2)cc1,1,train
46b2801089f18d224d441e46e987706215b98910,CC(C)COC[C@@H](CN(Cc1ccccc1)c1ccccc1)[NH+]1CCCC1,1,test
32d7d682bff89a9568d1023f76bb18f9e0fb9a8b,C[NH+]1CCCC[C@@H]1CCN1c2ccccc2Sc2ccc([S+](C)[O-])cc21,1,train
56d357956d229ac488955e19712012694ae83e04,C[NH+]1[C@@H]2CC[C@H]1CC(OC(=O)C(CO)c1ccccc1)C2,1,val
d74ed742f42f17121d6578ab34abde90b7a15c93,O=C(O)Cc1ccc(-n2cc(C3CCN(CCN4CCNC4=O)CC3)c3cc(Cl)ccc32)cc1,1,train
9da429af042d26558d496ee0b490cb2f7fb3e1ad,COc1cc2nc(N3CCN(C(=O)C4COc5ccccc5O4)CC3)nc(N)c2cc1OC,1,train
343642a778ddeec295a63883c7300fae450baae2,C[C@H](Cc1ccccc1)[NH2+]CCC(c1ccccc1)c1ccccc1,1,train
a180e37baa48f151c00cf5a65b7810eab27a3ed7,COc1cc(N)c(Cl)cc1C(=O)NC1CCN(Cc2ccccc2)CC1,1,test
4b301ffc0c0165caeec84a0f1592b9147d9dc6f9,OCCOCCN1CCN([C@H](c2ccccc2)c2ccc(Cl)cc2)CC1,1,val
3401daecb14c5f3100ccc0446f34b88fc1db7d1b,O=C1CCc2ccc(OCCCCN3CCN(c4cccc(Cl)c4Cl)CC3)cc2N1,1,train
48e782795fc743072d660156fd3c1e447564def0,Cc1ccc(-c2nc(NC(=O)CCN(C)C)cc(-n3nccc3C)n2)o1,1,train
30f64c466f25da100e9dc5dcbd162c379b33bac0,CN1CCN(CCCN(C(=O)Nc2ccc(F)c(C(F)(F)F)c2)[C@@H]2C[C@@H](c3ccc4c(c3)[C@H](N)NO4)[C@@H]3C[C@H]32)CC1,1,train
a7aa36961ffc6953e575d663494c34777ac97053,Cc1ccc(-n2[nH]c(C)c(N=Nc3cccc(-c4cccc(C(=O)O)c4)c3O)c2=O)cc1C,1,train
36eb97c0fb51f992e7f68a876acc1a2d3e2ab490,C=C[C@H]1CN2CC[C@H]1C[C@@H]2[C@@H](O)c1ccnc2ccc(OC)cc12,1,train
2b37efe4ee6927a589b41032bfdd1a75723ed041,[NH3+]CC[C@@H](O)c1cc2c(Cl)cc(Cl)cc2c2cc(C(F)(F)F)ccc12,1,train
cbe5b0d906dbba21eec5ced2c54e609f7a479fc5,Cc1nccn1CC1CCc2c(c3ccccc3n2C)C1=O,1,train
d8c10f0d2e4f68092c0b8e1de70946dd3ea79b47,CNCC[C@H](Oc1ccc(C(F)(F)F)cc1)c1ccccc1,1,train
be38a65f3e13722a03163208146b132c04e6bd54,Cc1ccccc1[C@H](OCC[NH+](C)C)c1ccccc1,1,train
05c864b08e79d8edd056fe2442e8afc3bf27677f,C[C@H](CN1c2ccccc2Sc2ccc(C#N)cc21)C[NH+](C)C,1,train
7892bdd42b9d1315ea7415d0cd3c584ceb3b7cc0,C[C@@H](CN(C)C)CN1c2ccccc2Sc2ccc(C#N)cc21,1,train
3be13766859a7d0c428e7202bfc77a9a503b0403,N#Cc1ccc(Cn2cncc2C[NH+](Cc2cccnc2)C2CCN(Cc3ccccc3)C2=O)cc1,1,train
23991bf0a92a74a655855bd28d09e77c8ad2d81d,CN(C)CCC(c1ccc(Br)cc1)c1ccccn1,1,train
f6146fd631a2bcc566d28be5c001e8278ef37336,O=C(Nc1ccccc1)c1[nH]c2cc(F)ccc2c1[C@@H]1C[NH2+]CC[C@@H]1F,1,train
27e216b193194933fcd62321d8e86ed2d6455576,COc1ccc(C[NH2+]C[C@@H](O)COc2ccc3[nH]c(=O)ccc3c2)cc1OC,1,train
df53c301f4107e53ab5601f1cc36a4db10a1df78,C[C@H]1CN(c2ncccc2F)CCN1C(=NC#N)Nc1ccc(C(C)(C)C)cc1,1,train
f3168e8496e6c1dbbb7dec605b8bf7376e882982,CCCCc1oc2ccccc2c1C(=O)c1cc(I)c(OCC[NH+](CC)CC)c(I)c1,1,train
3746d962fe55f77742e9d78de1f18d0aa1a1db22,CC(C)(C)c1ccc(NC(=O)N2CCN(c3ncccc3Cl)CC2)cc1,1,train
c88428c0d8e2ca0fdce68000957fb8a74127c5a2,CN(C)CCCn1cc(C2=C(c3c[nH]c4ccccc34)C(=O)NC2=O)c2ccccc21,1,val
172b0f562d9593cc057f242acab2ce4ce9aa4855,CCCCc1oc2ccc(NS(C)(=O)=O)cc2c1C(=O)c1ccc(OCCCN(CCCC)CCCC)cc1,1,train
8bd17e60eaddd782741fdf9e4e735647a3d82b43,COc1cccc([C@H](O)C2CCN(CCc3ccc(F)cc3)CC2)c1OC,1,train
eb925310f50e38863ae019fafa4afd02f42886dc,OCC[NH+]1CC[NH+](CCCN2c3ccccc3Sc3ccc(Cl)cc32)CC1,1,train
c7bca82fa4a9322eb30431ffe9cfd09c0bae55c7,CC[C@H]1[C@H]2C[C@H]3[C@@H]4N(C)c5ccccc5[C@]45C[C@@H]([C@H]2[C@H]5O)N3[C@@H]1O,1,train
3ab69c38200144c90d215455ad38fc5117cfd715,O=C1CCC(c2ccc(Nc3ccncc3)cc2)=NN1,1,train
05fd1b0d4c3afa422358d13a0ce240678bb50786,C=C[C@H]1C[NH+]2CC[C@H]1C[C@@H]2[C@@H](O)c1ccnc2ccc(OC)cc12,1,train
e07ea91a15911e7a66f6b2c6a5f4828e234260b1,Cc1cccc(NC(=O)NC2N=C(c3ccccc3)c3ccccc3N(C)C2=O)c1,1,val
a6821a869403ba7a9641950821005cf9390ec7d6,COc1ccc(C(=O)N2CCN(c3ccc4c(c3)CCC(=O)N4)CC2)cc1OC,1,train
bcf7c00159218aaac4dd71de92bbb3256778fd95,F[C@@H]1CC[NH2+]C[C@@H]1c1c(-c2ccccc2)[nH]c2ccccc12,1,train
7911e1fe11af22a89761e2f32f55cf181c52af82,N#Cc1ccc(Cn2cncc2C[NH+](CC[NH+]2CC[NH2+]CC2)C2CCN(Cc3cccc(Cl)c3)C2=O)cc1,1,train
84ab3c52f783c711075b1385a3ebfd2a992722a8,CS(=O)(=O)CCNCc1ccc(-c2ccc3ncnc(Nc4ccc(OCc5cccc(F)c5)c(Cl)c4)c3c2)o1,1,train
e992c386f19169842f767f43f0852b02b69cc078,C[NH2+]CCCC1c2ccccc2C=Cc2ccccc21,1,val
3ee52b6e87b8f91be08af372918fe34b4c8bf7dd,C[C@@](O)(c1ccccc1)[C@H]1C=CC([C@H](c2cc[n+](O)cc2)c2ccc(OC(F)F)c(OC(F)F)c2)=CN1,1,train
9d510f28ce3cf025b8c54916bc29fb03cdf57776,CCN(CC)Cc1ccc2c(c1)CC[C@H](N1CCN(Cc3ccsc3)CC1=O)C2,1,train
d93244f76169c66975b7832ea428938d55f1c231,CCOC(=O)C1[C@@H](OC(=O)c2ccccc2)C[C@@H]2CC[C@H]1[NH+]2C,1,train
e253c9ef3cea6d5a75d0dcadd0701fcb789f287a,Cc1nc2n(c(=O)c1CCN1CCC(c3noc4cc(F)ccc34)CC1)CCC[C@@H]2O,1,train
b6246fe158af8c1077def9829f7162cce485cca6,CCCN(CCC)CCc1cccc2[nH]c(O)cc12,1,train
44a1167a34b29c323622903564c3ce1579356b60,O=C1NC[C@@H](c2ccc(F)cc2)C12CCN(C1(c3ccc(F)cc3)CCCCC1)CC2,1,test
d2f8ec389ae373a23e3f3b29c183f3df32e6ce64,CN(C(=O)N1CC(c2cc(F)ccc2F)=C[C@H]1c1ccccc1)C1CCNCC1,1,train
65e4019eb474a0287387db156bc23665018b6fa3,CN(CCCN)C(=O)N1CC(c2cc(F)ccc2F)=C[C@H]1c1ccccc1,1,train
13e2a297ae194209614ddc8255c2385c896653e3,Fc1ccc(-c2[nH]c3cc(F)ccc3c2[C@H]2CCC[NH2+]C2)cc1,1,train
2e223f8882f5a40bf83dd5101d189cf95ebaed0c,CC(=O)OCOC(=O)CN(CC(=O)O)c1ccccc1OCCOc1ccccc1N(CC(=O)O)CC(=O)O,1,train
4e277169a0cb5d0c38bfe186f4c7f90ad9d42e23,C[NH2+]CCCN1c2ccccc2CCc2ccccc21,1,train
34e54334e9bdf1c4255ea57afa985d3f28d6117d,C[NH+]1CC[NH+](CCCCn2c(O)cn(/N=C/c3ccc(-c4ccc(Cl)cc4)o3)c2=O)CC1,1,val
8f265ce5495102763a3d1d8a12a43c88c3379dea,O=C1NC[C@@H](c2ccccc2)C12CCN([C@H]1CCCC[C@@H]1c1ccccc1)CC2,1,train
90e216cee5db1ba0179762537a7ebf9b2403c4f0,O=C(NC1CCN(Cc2ccc3c(c2)OCO3)CC1)c1cc(=O)c2cc(Cl)c(Cl)cc2o1,1,train
132084c84818a79e509d7ea179e9b971266dc95e,F[C@@H]1CC[NH2+]C[C@H]1c1c(-c2ccccc2)[nH]c2cc(Cl)ccc12,1,train
497348500f464f8db7986e409006bbe3fa29d2aa,COCC(=O)O[C@@]1(CC[NH+](C)CCCc2nc3ccccc3[nH]2)CCc2cc(F)ccc2[C@@H]1C(C)C,1,val
3573c313800a6f1913d1e8d669438b5722f51b51,Cn1c(NCCN(CCO)CCCc2ccc([N+](=O)[O-])cc2)cc(=O)n(C)c1=O,1,train
ba65d0093a9f11e6215f255c63ebe9467260a228,C[NH+](C)CCCN1c2ccccc2Sc2ccc(Cl)cc21,1,train
7b972e1242d15aa129a1fa21686c06043364b177,COc1cc2c(Nc3ccc(Br)cc3F)ncnc2cc1OCC1CCN(C(=O)CN(C)C)CC1,1,train
234844bbf402bda842fc9ee653ae305d5b9f10cd,CC(C)(C)C(N)C(=O)N1CC(c2cc(F)ccc2F)=C[C@H]1c1ccccc1,1,train
17331b32ad1e38932f4d1d72ab3391acd7123b23,Fc1ccc2c([C@@H]3C[NH2+]CC[C@H]3F)c(-c3ccsc3)[nH]c2c1,1,train
76d0b28bac3bb8a1f7c8a08537919a4ab41f9e89,C[C@H](CC(c1ccccc1)c1ccccc1)[NH2+]C(C)(C)C,1,train
6356f18adb39906eae454f0223fbc5ae3947ac54,COc1cc2nc(N3CCN(C(=O)c4ccco4)CC3)nc(N)c2cc1OC,1,train
4609b7a1e3c2edfc6cadb0a33afc46e8c29d4863,CC/C(=C(/c1ccccc1)c1ccc(OCC[NH+](C)C)cc1)c1ccccc1,1,train
36e98ef15e996345c4ce70d53d9c7b8e547d846a,Fc1ccc(C(c2ccc(F)cc2)N2CCNCC2)cc1,1,val
4075d81a26ba002bdddbe95eb9eff523e6ede08a,Fc1ccc(-c2[nH]c3cc(F)ccc3c2[C@@H]2C[NH2+]CC[C@@H]2F)cc1,1,train
83a84c0e0b1cc2667af632613cdf1501558bb14c,Cc1ccc(-c2nc(NC(=O)CN3CCC(CN(C)C)CC3)cc(-n3nccc3C)n2)o1,1,train
ab019515cff547aac3b28aaa36d58b52903aedc2,C(#Cc1cc(-c2[nH]nc3c2Cc2cc(Cn4cncn4)ccc2-3)cs1)COc1ccccc1,1,train
151921ce7b3d63e4c1336b6a7b3562bdeded080a,CCN(CC)Cc1ccc2c(c1)CC[C@H](N1CCN(CCc3cc(N)cc(C(F)(F)F)c3)CC1=O)C2,1,train
f44e8bd8188629017cc42614e121348b4c23e620,O=C1NC[C@@H](c2ccccc2)C12CCN([C@H]1CCCC[C@@]1(O)C1CCC(F)CC1)CC2,1,val
c1394b3bee10caff394c2f38edde79fd15482644,CCC(=O)N(c1ccccc1)C1CC[NH+](CCc2ccccc2)CC1,1,train
47ba178709896c9948bb477f596b94f0e267bfae,CC(=O)N1CCN(c2ccc(OC[C@@H]3CO[C@](Cn4ccnc4)(c4ccc(Cl)cc4Cl)O3)cc2)CC1,1,val
de1e633dac3d28dd08f3f89445d9a7c08e9e2700,COc1cc2c(cc1OC)C(=O)C(CC1CC[NH+](Cc3ccccc3)CC1)C2,1,test
fefcadc57c4bea2dbdefdc7d5fda65910bcaeb66,O=C1CN(CCc2ccc(F)cc2)CCN1[C@H]1CCc2cc(CN3CCC(C(F)(F)F)CC3)ccc2C1,1,train
91a8c32408fe1ce70d932680b2b0309b7f7b2954,CCOC(=O)C1=C(COCC[NH3+])N=C(C)C(C(=O)OC)[C@H]1c1ccccc1Cl,1,train
8591574e25f32f30193a384d8fbcadbf8a95ce82,COc1cc(N)c(Cl)cc1C(=O)N[C@H]1CC[NH+]2CCC[C@H]1C2,1,val
42f9b753880654b16418c88401f9e498987985f2,Clc1ccc(CO[C@@H](Cn2ccnc2)c2ccc(Cl)cc2Cl)c(Cl)c1,1,test
b0b48f87d791f0ebae0401b9d42ff2bb089e8b45,F[C@H]1CC[NH2+]C[C@H]1c1c(-c2ccccc2)[nH]c2c(Cl)cccc12,1,train
e3b09512e253f17f1fafab12ef08e3dd1da2f489,CC[C@@H](OC(C)=O)C(C[C@@H](C)[NH+](C)C)(c1ccccc1)c1ccccc1,1,train
2e933a209003db8aa5832ac2c2e38cf96715e454,CC(C)(CN)C(=O)N1CC(c2cc(F)ccc2F)=C[C@@H]1c1ccccc1,1,train
b6edaa8cd14137f0a0d9fb3b966fc7008ba7dc36,CC[C@@H](O)c1cn(-c2ccc(F)cc2)c2ccc(Cl)cc12,1,train
9c5e7702377cd5e1512613bd5c0ca5c4ff060ead,Cc1nc2c([nH]1)-c1ccccc1N(C(=O)c1ccc(NC(=O)c3ccccc3-c3ccccc3)cc1)CC2,1,test
077ffffad9139513126ae5be0e110ea728679b99,CCOC(=O)N1CCC(=C2c3ccc(Cl)cc3CCc3cccnc32)CC1,1,train
00146c4487b5913724f8fdb625024f4ef51dc561,NCC[C@H](Oc1ccc(C(F)(F)F)cc1)c1ccccc1,1,train
a5d1996601341b583eb8452cb86b5f4df388dfab,CN1CCc2cccc3c2[C@H]1Cc1ccc(O)c(O)c1-3,1,train
f6ce374d88ed60dc2ff719ac448368326379fa1c,CC(C)C(N)C(=O)N1CC(c2cc(F)ccc2F)=C[C@@H]1c1ccccc1,1,train
d7cbf99824c411c54f08ee165113f424b91fa8ee,CC[C@H](OC(C)=O)C(C[C@H](C)N(C)C)(c1ccccc1)c1ccccc1,1,train
539ae4a088fe3154b3a63ce5fc5f9fe679187fba,COc1ccc(CN(CC[NH+](C)C)c2ccccn2)cc1,1,train
d2ab779b58650d82b2679ba5d3e4a11ec3822983,CC[NH+](CC)CCC[C@@H](C)Nc1ccnc2cc(Cl)ccc12,1,train
1299e7b6436288b87801a785151f0014edb1a88f,O=C(NC1CCN(Cc2ccc3c(c2)OCO3)CC1)c1cc(=O)c2ccc(Br)cc2o1,1,train
feb38c74110893572f3a4c3892d586b85bf04006,C1CCC2(C1)C1C[NH+](CC3CC3)CC2C[NH+](CC2CC2)C1,1,train
1a55419204e5c1a9e0da0ae63ad66748dc528fe0,Fc1ccc2c([C@@H]3C[NH2+]CC[C@@H]3F)c(C3=CNC=CC3)[nH]c2c1,1,train
980f0e7cfed051a3fbfe981ae37b1b6d1ee0055e,COc1cc2c(cc1OC)[C@@H]1Cc3ccc(OC)c(OC)c3[C@@H](Cc3ccccc3)N1CC2,1,train
a1de6ee41bb65ac507ccb21bcd71cd6a4781db5a,O[C@@H](c1cc(C(F)(F)F)nc2c(C(F)(F)F)cccc12)[C@H]1CCCC[NH2+]1,1,test
c07793fc029dd2f30275c779af74740f95b15554,COc1cc2c(cc1OC)[C@@H](Cc1ccc(Oc3cc(C[C@@H]4c5cc(OC)c(OC)cc5CCN4C)ccc3O)cc1)N(C)CC2,1,train
6d93880b4c9d555bb6d1d383d6699abb2f6d97d1,CC1=CN2C(=N)C(Cl)=CC(C(=O)NC[C@@H]3CCCN(CC(C)C)C3)[C@@H]2N1,1,train
07323b08836786f19ab2b081e496db43e1708c9a,O[C@H](CCCN1CCC(O)(c2ccc(Cl)cc2)CC1)c1ccc(F)cc1,1,test
fc0793c25dec77cad315677038b440ca7e90e45a,C[C@@H](CN(C)C)[C@](C)(O)Cc1ccc(Cl)cc1,1,val
5b45625f7ab0e73f67734e9d95fe7245ffec513f,O=c1n(CCCN2CCN(c3cccc(Cl)c3)CC2)nc2ccccn12,1,train
7fa893f348b2112bf2f0415b7d9047bf1527553a,CCN(CC)CCOCCOC(=O)C1(c2ccccc2)CCCC1,1,val
081873748f2de4a956653bcdeaa159fd04131a36,Fc1cccc2c([C@@H]3C[NH2+]CC[C@@H]3F)c(-c3ccccc3)[nH]c12,1,train
a21648455438688f54d81cd4ec3fab1393e5cb07,Clc1ccccc1C(c1ccccc1)(c1ccccc1)n1ccnc1,1,train
4399754962a3eaad16a887db69f49878f6473bc6,C[NH2+]CCCC12CCC(c3ccccc31)c1ccccc12,1,val
30de6e8915f23c13369d5ff18976c94f34963b91,COc1ccc(CC[NH2+]CCC[C@@](C#N)(c2ccc(OC)c(OC)c2)C(C)C)cc1OC,1,train
463fb7975eada1cb2f22be530769d1ed39bcf49f,N#Cc1ccc(Cn2cncc2C[NH2+]C2CCN(c3ccncc3)C2=O)cc1,1,train
0804db4bd6bce958b143b29707b15b0139bddb82,Cc1[nH]cnc1CN1CCc2c(c3ccccc3n2C)C1=O,1,train
b1667dd8c0f16ff3ea67cf35e401c6dd4c7d1cbd,CCN(CC)Cc1ccc2c(c1)CC[C@H](N1CCN(CCc3ccc(Cl)cc3)CC1=O)C2,1,train
2fd97bf9842466d8783fd9f5b1e6994f771db286,CCN(CC)Cc1ccc2c(c1)CC[C@H](N1CCN(CCC3CCCCC3)CC1=O)C2,1,train
45ec88c570f2c80af2cbf861ef977f84ace76684,C[NH+](C)CCCN1c2ccccc2CCc2ccccc21,1,train
fba36b6fe3c68b2c0c22773add2744ee3587b68a,CN(C)CCCN1c2ccccc2CCc2ccccc21,1,train
0506ce0edabcd0a8375428ea0f56191088253dc1,NC(C(=O)N1CC(c2cc(F)ccc2F)=C[C@H]1c1ccccc1)C1CC1,1,train
38ab43e6efd975bddcf4e6c5d0246f2a19136f8e,CN1CCN(CCCN2c3ccccc3Sc3ccc(C(F)(F)F)cc32)CC1,1,train
6e1413c82a8adb4b932a2cea2d722860f2b59eea,O=C(NC1CCN(Cc2ccc3c(c2)OCO3)CC1)c1cc(=O)c2ccc(OC(F)F)cc2o1,1,train
41736080a0c980216bf862928dc992a174b96342,O=C(NC1CCN(Cc2ccc3c(c2)OCO3)CC1)c1cc(=O)c2ccc(Cl)cc2o1,1,train
27c83bc049ad4d334e06cb766268f73eb5cdf111,Nc1ccc(C(=O)N2C[C@H]3C[C@@H](C2)C[NH+](Cc2ccccc2)C3)cc1,1,train
db75f37bb5ddb3431e913add11a6176080760a51,CCC(=O)O[C@](Cc1ccccc1)(c1ccccc1)[C@H](C)C[NH2+]C,1,train
138fb0e3fca70c96e0752117cc9d7b2bfcabc2a3,Cn1nc(C(=O)NC2C[C@H]3CCC[C@@H](C2)[NH+]3C)c2ccccc21,1,train
b6918457dcbeaae1cc0e0d7fb08cc002e63df492,COCCCC/C(=N\OCC[NH3+])c1ccc(C(F)(F)F)cc1,1,train
7305747de88efdfc0df6fbf8ffb22835382ef65c,O=C(NC[C@H]1CCCC[NH2+]1)c1cc(OCC(F)(F)F)ccc1OCC(F)(F)F,1,train
2f58388a144ceb04bad77c3d285f9a1edb39c1dd,O=C1CC2(CCCC2)CC(=O)N1CCCCN1CCN(c2ncccn2)CC1,1,test
a739b937cc386d249e66f60bb58fd959abea75a6,C[NH+](C)CCC[C@]1(c2ccc(F)cc2)OCc2cc(C#N)ccc21,1,test
47ca87fff3b7fa3cf215623f6885cdfe5493f118,CN(C)CCCN1c2ccccc2CCc2ccc(Cl)cc21,1,train
111db47c17acaa89d5232f0c8bc26c5415571fa9,O=C1CN(CCc2ccc(F)cc2)CCN1[C@H]1CCc2cc(Cn3ccnc3)ccc2C1,1,train
6e1bda1325c82bb85ba5e6cad3394fafb836ffd7,O=C(NC1CCN(Cc2ccc3c(c2)OCO3)CC1)c1cc(=O)c2cc(F)ccc2o1,1,train
d80deca00847a8d3a88a1ef1c12cf1bf3c3f4018,Clc1ccc2c(c1)N=C(N1CCNCC1)c1ccccc1N2,1,train
33445557cf02c6b753dc319bf407c0cecb2942a4,Fc1ccc2c([C@@H]3C[NH2+]CC[C@@H]3F)c(-c3ccccc3)[nH]c2c1,1,train
ac04af34a82de96d1e9a9fc18731aa7169567063,COCCC[NH+]1CCC(NC(=O)c2cc(Cl)c(N)c3c2OCC3)CC1,1,train
c7d6fc5e4bf7becab0ded8e0e7a5bf54d5d8f8fd,Cc1ccc(-c2nc(NC(=O)CC3CCN(C)CC3)cc(-n3nccc3C)n2)o1,1,train
323391e07caa1712c807fd331d0b12f59d79f26b,CC(C)(O)C(Cl)(Cl)Cl,1,val
d43611bd1d4c60073b09bebee47d383d0f4ea47a,Clc1ccc2c(c1)CCc1cccnc1C2=C1CC[NH2+]CC1,1,train
8f30c8f6071a311fba6608525874036532b27f09,COc1cc(-n2cnc3cc(-c4ccc(Cl)cc4)sc3c2=O)ccc1N1CC[C@H](O)C1,1,val
e11e25e6ac570981abcc4be6f7f460887dc9e271,Clc1ccc2c(c1)N=C(N1CC[NH2+]CC1)c1ccccc1N2,1,train
346956457833763299f717195756451dc7a2541b,C[C@@H](O)c1cn(-c2ccc(F)cc2)c2ccc(Cl)cc12,1,train
c5cab157f53f634f4dd0eed9e3895cfb2fbfbc90,Cn1c(=O)c2c(ncn2C)n(C)c1=O,1,test
8e6d86400deb7c062c7de47581bdca8f91de676f,c1ccc(-c2[nH]c3ccccc3c2[C@H]2CCC[NH2+]C2)cc1,1,train
3714c7bf0e83862317bdbf27f9260499c6752d53,N#Cc1ccc2c(=O)cc(C(=O)NC3CCN(Cc4ccc5c(c4)OCO5)CC3)oc2c1,1,train
358ca3d9e32621078f86c0d27241c8ec40ab8567,Clc1ccc2c(c1)C(N1CCNCC1)=Nc1ccccc1O2,1,train
e8cda283f3261597019437e6174cc9277a74b3ab,COc1ccc2c(c1)[C@]13CCCC[C@@H]1[C@H](C2)N(C)CC3,1,test
b264552d6739153e63c2d112452ce195d463b8fb,COCCOCC#Cc1cc(-c2[nH]nc3c2C(=O)c2cc(CN4CCN(C)CC4)ccc2-3)cs1,1,train
14745abdc7921694181e4c942921f34b0b23932c,COc1ccc(CN2CCC(NC(=O)c3cc(=O)c4ccc(F)cc4o3)CC2)cc1,1,train
b76e563d91116d258b6888ea9c3d2b2b357a4232,CC[NH+](CC)CCNC(=O)c1cc(Cl)c(N)cc1OC,1,test
1f496e0a8906e7bcdfce6a9674e61f73024e2456,Fc1ccc2c([C@@H]3C[NH2+]CC[C@@H]3F)c(C3CCCCCC3)[nH]c2c1,1,train
8f5c9a533f83f00d28bad8c37a42e333d557ec06,CN(C)CCC=C1c2ccccc2CCc2ccccc21,1,train
3f2657067f0b2162610459801fabef88c7c243af,CCCCNC[C@H](O)c1cc(Cl)cc2c1-c1ccc(Cl)cc1/C2=C/c1ccc(Cl)cc1,1,train
4f2d32f797af608aa971294eeb61e2726c5c227a,CN(C)C[C@@H](c1ccc(O)cc1)C1(O)CCCCC1,1,train
d5be3c13ab85582b4185c0b63988b29f4dd80507,NC(C(=O)N1CC(c2cc(F)ccc2F)=C[C@H]1c1cccc(O)c1)C1CC1,1,train
d7d307cc07718e95a8ec7bd84a1c131d2a101d5d,O=C(NC1CCN(Cc2ccc3c(c2)OC(F)(F)O3)CC1)c1cc(=O)c2ccc(F)cc2o1,1,train
c219493c624affcae472d6ec9f0f340626076ce0,c1ccc(-c2[nH]c3ccccc3c2C2CC[NH2+]CC2)cc1,1,train
55e0f981e8312e6237ca6c70272f3a6d1c2d5998,OCCOCC[NH+]1CCN(C2=Nc3ccccc3Sc3ccccc32)CC1,1,train
809453b1ea9081a73b5c399d88ddd1fde4ec6c55,CC(C=Cc1c(C)c(O)c2ccccc2c1O)=CCC[C@H](C)CCC[C@H](C)CCCC(C)C,1,train
eb050a6e96a918b517dfdc28c900becfa2c35da3,N#Cc1ccc(Cn2cncc2C[NH2+]C2CCN(C(=O)c3cccc(Cl)c3)C2=O)cc1,1,train
a57644ff8ef4ae3a2c90d2e5e46870248802ae7e,O=C(OC1C[C@H]2CC3C[C@H](C1)[NH+]2CC3=O)C1=c2ccccc2=NC1,1,val
31cc736d33d9848a196a76dac8564e760eeb7140,O=C(O[C@@H]1Cc2c(O)cc(O)cc2O[C@@H]1c1cc(O)c(O)c(O)c1)c1cc(O)c(O)c(O)c1,1,test
16b71ed7c91060eeca21e8701994c830c8ff1cc6,N#Cc1ccc(Cn2cncc2C[NH2+]C2CCN(C(=O)c3cncc(Br)c3)C2=O)cc1,1,train
92bfa0fbfbb4547010047cc87fb7119f7dbd8f36,Fc1ccc(-n2cc(C3CC[NH+](CCN4CCNC4=S)CC3)c3cc(Cl)ccc32)cc1,1,train
c460e62939bfd4da70e8166e32092531ae869451,CNCC[C@@H](Oc1ccccc1C)c1ccccc1,1,train
d26964a99417173d0ce9b5a97a97920f620842c0,C[NH+](C)CC/C=C1/c2ccccc2COc2ccccc21,1,train
5116966f31b45df1ce0e8d6add1e8a7337eead20,CN(C(=O)N1CC(c2cc(F)ccc2F)=C[C@H]1c1cccc(O)c1)C1CCNCC1,1,train
e895a8d48ce1e28a440af5dd3b46d0a9ed358aed,CCS(=O)(=O)C[NH2+][C@@H]1c2cc(C[NH3+])ccc2OC(C)(C)[C@H]1O,1,train
78ae4fde055e326a8529720585647b42c0e169a6,COc1ccc(CC[NH+](C)CCCNc2c(Cl)cn[nH]c2=O)cc1OC,1,train
b96487c3cd31e29c8709fe68dd8c22bc2bcb5b11,CC/N=C(\c1ccc(OC)c(OC)c1)N1CCCc2cc(C3=NNC(=O)S[C@@H]3C)ccc21,1,val
968cbf400f76655f7dbb77b2dd2307e75690ac66,COc1ccc(CCN(C)CCC[C@@](C#N)(c2cc(OC)c(OC)c(OC)c2)C(C)C)cc1OC,1,train
1b677040bb5795955bf48724653cb5dbeda08b98,O=C(NC1CCN(Cc2ccc3c(c2)OCO3)CC1)c1cc(=O)c2ccccc2o1,1,train
be83a22a6771539012eddb7164f9c8ebc826ab69,O=C1NCCN1CCN1CCC(c2cn(-c3ccc(F)cc3)c3ccc(Cl)cc23)CC1,1,train
3f7a0f2aae040ac460ad65785ee821051d5984ba,C[NH+]1CCCC[C@@H]1c1c(-c2ccccc2)[nH]c2ccccc12,1,train
b9039b3213b21638b182c294a07bf709c3b72028,Fc1ccc2[nH]c(-c3ccccc3)c([C@@H]3C[NH2+]CC[C@@H]3F)c2c1,1,train
cc1b02fc6c905c07ab5b30475cbd1d65e08ade84,F[C@H]1CC[NH2+]C[C@H]1c1c(-c2ccccc2)[nH]c2ccc(Cl)cc12,1,train
0f8f090525f15683ce9791d3329553d58b670dba,COC(=O)C1[C@H]2CC[C@@H](C[C@H]1OC(=O)c1ccccc1)[NH+]2C,1,train
d7eb0a74baa26e88ba62fab6868b70229eb3b08a,N#Cc1ccc(Cn2cncc2C[NH2+]C2CCN(Cc3ccccc3)C2=O)cc1,1,train
96dee874dee33e257e9a2a282a9ef18f631f87bb,CC(C)N(CC[C@@](C(N)=O)(c1ccccc1)c1ccccn1)C(C)C,1,train
c9302923a7e332010e33e6bbb8be4e10df3d95c1,COc1ccc(Cc2nccc3cc(OC)c(OC)cc23)cc1OC,1,train
160d5424a963da12519981e6418df42b432aa682,CCc1ccc2c(=O)cc(C(=O)NC3CCN(Cc4ccc5c(c4)OCO5)CC3)oc2c1,1,train
cbe515e99522d92e31e3c7fab1f117f4c932ec62,COc1ccc(C[C@@H]2c3cc(Oc4cc(C[C@@H]5c6cc(OC)c(OC)cc6CCN5C)ccc4O)c(OC)cc3CCN2C)cc1,1,train
9d9fd61cc9313d0eac9cb112b669fbbae99999b9,CO[C@]12CC[C@@]3(C[C@@H]1[C@@](C)(O)C(C)(C)C)[C@H]1Cc4ccc(O)c5c4[C@@]3(CC[NH+]1CC1CC1)[C@H]2O5,1,train
11597d4bfffb81310a7a3383203b1ae64b121041,CCCCc1nc(Cl)c(CO)n1Cc1ccc(-c2ccccc2-c2nn[n-]n2)cc1,1,test
b57a2db4678d98c5048fc93337376e235dc2486e,CCOc1cc(N)c(Cl)cc1C(=O)NC[C@@H]1C[NH+](Cc2ccc(F)cc2)CCO1,1,train
de6ee775b632f36ff2ad20412a8a5ad5e9634311,CC(C)(C)C(O)C(=O)N1CC(c2cc(F)ccc2F)=C[C@H]1c1cccc(O)c1,1,train
c8e5b79e4528519e7b1ca9afdfb2818b70e1890d,CC(C)(C)C(=O)N1CC(c2cc(F)ccc2F)=C[C@H]1c1cccc(O)c1,1,train
8618fba7e6d5fa4ec8c7a1cfae800e732aa6892f,C1CCC(C(C[C@H]2CCCC[NH2+]2)C2CCCCC2)CC1,1,train
e82d0adf28230ce13e26a008a040b2e63bd71661,CSc1ncccc1C(=O)N1CCC([NH2+]Cc2cncn2Cc2ccc(C#N)cc2)C1=O,1,train
5a7e1872a4316614a208d1d12185c47cfd1d4dfe,C[NH2+][C@H]1CC[C@@H](c2ccc(Cl)c(Cl)c2)c2ccccc21,1,train
4cdb14140d520698d82ff7f69a64fb70f20b12fc,CCN(CC)Cc1ccc2c(c1)CC[C@H](N1CCN(CCc3ccc(F)cc3)CC1=O)C2,1,train
a51a844e189a38c67c0fa50c2440f24b5b9b4cff,CCCC[NH+](CCCC)C[C@H](O)c1cc(Cl)cc2c1-c1ccc(Cl)cc1/C2=C\c1ccc(Cl)cc1,1,train
9da84360bd49192655003b99de1e76f8a3a94388,CC(C)c1nc(CN(C)C(=O)NC(C(=O)N[C@@H](Cc2ccccc2)C[C@H](O)[C@H](Cc2ccccc2)NC(=O)OCc2cncs2)C(C)C)cs1,1,test
2bfb48e484d98c7b7249752b8e8413d3702c23cb,N#Cc1ccc(Cn2cncc2C[NH2+]C2CCN(c3cccc4ncccc34)C2=O)cc1,1,train
09a42ee56b2554f225d5cda6c1279786c6f2d0d7,COC(=O)c1[nH]c2cc(F)ccc2c1[C@@H]1C[NH2+]CC[C@H]1F,1,val
40ceb8c7907745ddc8052dbde0181cd23ec1218a,CC(C)C(N)C(=O)N1CC(c2cc(F)ccc2F)=C[C@@H]1c1cccc(O)c1,1,train
fb05b6910fc09e8815880872aae5884aa57d0812,COc1ccc(CN2CCC(NC(=O)c3cc(=O)c4ccc(F)cc4o3)CC2)cc1F,1,train
2fd14dbfacb2ee6f214e2b5cd721486176acfe6e,Cc1cccc(C)c1OCC(=O)N[C@H](Cc1ccccc1)[C@H](O)C[C@@H](Cc1ccccc1)NC(=O)C(C(C)C)N1CCCNC1=O,1,train
92351bbf7f49ba29df87e6d2b420f5f8ef91bc50,O=C(Cc1ccc(C(F)(F)F)cc1C(F)(F)F)NC1N=C(c2ccccc2)c2ccccc2N(CC(F)(F)F)C1=O,1,train
8bb7cc317f917fe1243605ff1c67d4a55ace3632,C[C@H](Cc1cc2c(c(C(N)=O)c1)N(CCCO)CC2)NCCOc1ccccc1OCC(F)(F)F,1,train
f03c001ba4f5bbf4634ac2b872d6aaa6ba72a273,Cc1ccc(OC[C@H](O)[C@H](C)NC(C)C)c2c1CCC2,1,train
243c0d8f2d3fe24b3943ff4272d07b246f8cd68c,C[NH+]1CCC[C@H](c2c(-c3ccccc3)[nH]c3ccccc23)C1,1,train
55c5ddacb019a92bc05e80eafb783cff5a744347,CCC(=O)C(C[C@@H](C)[NH+](C)C)(c1ccccc1)c1ccccc1,1,val
d1b0b0a1a8b1f8c80e8f159b8c42d119336ad7f4,C[NH+](C)CCC=C1c2ccccc2CCc2ccccc21,1,train
1ec56d512f8b513f9dc79a4c4203d4564b8cf46d,COc1ccc(CC(=O)NCc2ccccc2-c2ccccc2C(=O)NCCc2cccnc2)cc1,1,train
6930e2e7287c23d65e9148b30fc8b8774112b057,Cc1ccc(-c2cc(C(F)(F)F)nn2-c2ccc(S(N)(=O)=O)cc2)cc1,1,test
f447f0c3de1537925fc367b6634f10867320c0e7,NC(N)=[NH+]c1nc(CSCC/C(N)=[NH+]/S(N)(=O)=O)cs1,1,train
fc9de41de93110f87cf7aeb789f73f34b2473111,CN([C@@H]1c2cc(OCCCC(F)(F)F)ccc2OC(C)(C)[C@H]1O)S(C)(=O)=O,1,test
d8e681ab2b7868cc60b199e691c86069d2c5657c,CC(C)(CN1CCC(=C2c3ccc(F)cc3COc3ccccc32)CC1)C(=O)O,1,test
032718c2832934f66ae84877cf18b14c18901f5e,CC(C)Cn1c(=O)n(C)c(=O)c2[nH]cnc21,1,train
5c0738f7250e9dfbff09a7167cd3c4989582a0fd,Cc1cccc(C)c1OC[C@@H](C)[NH3+],1,train
791dc0e923bf018a3e0896f4b69511882d44dbf9,CN(C(=O)Cc1ccc(CNS(C)(=O)=O)cc1)[C@@H](CN1CC[C@@H](O)C1)c1ccccc1,1,train
ccddb2e3c80b4c3c8095a9f23fa44ce0aa1f358f,CCCOC(C(=O)OC1CCN(C)CC1)(c1ccccc1)c1ccccc1,1,train
161ad74f5c5a9355b1ca3572072d53263bff4e3a,CC(C)[NH2+]C[C@@H](O)COc1cccc2ccccc12,1,train
20ae67ffe6fb365715533270623337b04f656686,O=C1NCCN1CC[NH+]1CC=C(c2cn(-c3ccc(F)cc3)c3ccc(Cl)cc23)CC1,1,test
134001de89c8f9924655b206909a3a351e95afd9,O=C1N(Cc2ccccc2)[C@@H]2[C@H]3CCC[S+]3C[C@@H]2N1Cc1ccccc1,1,test
2503dafb797d58078df3640a98eccdc08789b0f8,Cc1ncccc1C(=O)N1CCC([NH2+]Cc2cncn2Cc2ccc(C#N)cc2)C1=O,1,train
8dac20ce10455d5c72bc9dc8753af6e52c81eb32,COc1cc2c(Oc3ccc4[nH]c(C)c(C)c4c3)ncnc2cc1OCCN1CCN(CC(C)=O)CC1,1,val
2ee9e724bb7b1387d62824f2333d3aa977836368,CC(C)(C)N1CCC(c2ccccc2)(c2ccccc2)CC1,1,train
b472a5c6c8b26740b7f3c700e1b5d3ad4b6ca8c6,COc1cccc(CN2CCC(NC(=O)c3cc(=O)c4ccc(F)cc4o3)CC2)c1,1,train
913ac07d04ff692ac7d8c833cbe2596d907d381e,COc1ccccc1OCC[NH2+]C[C@@H](O)COc1cccc2[nH]c3ccccc3c12,1,train
2c43b35a5688f6bda10ff415ac21a9d3bc145284,O=C(NC1CCN(Cc2ccc3c(c2)OCO3)CC1)c1cc(=O)c2cc(F)c(Cl)cc2o1,1,train
bbbc15647ecfd0ca199020db0192e22095f3ca29,O=C1CN(CCc2ccc(F)cc2)CCN1[C@H]1CCc2cc(CN3CCCCC3)ccc2C1,1,train
d790b5d23eb86d32d815e37e7c9a3fddddcad39c,O=C(C(O)C1CC1)N1CC(c2cc(F)ccc2F)=C[C@@H]1c1ccccc1,1,train
68a3780898ff5b72bebcf1b561f9deb3fad4a136,C[NH+](C)Cc1cn(-c2ccc(F)cc2)c2ccc(Cl)cc12,1,train
cc7f018acbc29957979de80f13e0bbd0c900a691,N#Cc1ccc(Cn2cncc2C[NH2+]C2CCN(C(=O)c3cccnc3[S-])C2=O)cc1,1,train
65afe3ade795558cf4614d9531d4b234150b1aeb,COc1ccc2c(=O)cc(C(=O)NC3CCN(Cc4ccc5c(c4)OCO5)CC3)oc2c1,1,train
a271fe39085b77263425a74629d2aca7c8d1735d,Cc1c(O)cccc1C(=O)N[C@@H](CSc1ccccc1)[C@H](O)C[NH+]1C[C@H]2CCCC[C@H]2CC1C(=O)NC(C)(C)C,1,train
31136e730a414f1ebcf0742f98f81463bceb0e0f,COCCOCC#Cc1cc(-c2[nH]nc3c2Cc2ccc(Cn4cncn4)cc2-3)cs1,1,train
c94bc1f492a3ea8f36861015cbd6ae8ddfbb860c,C[NH+]1CCN(C2=Nc3ccccc3Nc3sc(CO)cc32)CC1,1,train
b830c811a827b2dd695c9d8bd7cb30b86befee31,CC[C@@H](O)C(C[C@@H](C)NC)(c1ccccc1)c1ccccc1,1,train
d38201813ffafe8cffbc94074cef94b6b7d27bf0,O=C(OC1C[C@@H]2CC3C[C@H](C1)[NH+]2C[C@@H]3O)c1c[nH]c2ccccc12,1,train
da9db1d34872ff4b581176d400b7e2221bd4e9ab,O=C(NC1CCN(Cc2ccc3c(c2)OCCO3)CC1)c1cc(=O)c2ccc(F)cc2o1,1,train
e7f1947ca4c0501665e386b9730b687400890ee8,COc1ccc(CCNCCCNC(=O)c2ccc([N+](=O)[O-])cc2)cc1OC,1,train
9a08ad55b7d20aab813158927a22fb9b999ddec1,CCC(C)C(=O)O[C@@H]1C[C@@H](C)C=C2C=C[C@@H](C)[C@@H](CC[C@@H]3C[C@@H](O)CC(=O)O3)[C@H]21,1,train
6c91c2efd348ccb749bbfbb8bc430848949fb1bc,CCC(c1cccc(O)c1)[C@@H](C)CN(C)C,1,val
7a7205f68340a2895a326726c48d6d19021f08c8,CCCc1nc(C)c2c(=O)[nH]c(-c3cc(S(=O)(=O)N4CC[NH+](CC)CC4)ccc3OCC)nn12,1,test
e9a0d04240daf3b7f786f1401681499196d5878e,CS(=O)(=O)N1CCN(Cc2ccc3c(c2)CC[C@H](N2CCN(CCc4ccc(F)cc4)CC2=O)C3)CC1,1,train
717c8189b655529f221cb28e7c01d4b254d1f9f3,O=C(NC1CCN(Cc2cc3c(cc2Cl)OCO3)CC1)c1cc(=O)c2ccc(F)cc2o1,1,train
158c3bf9002ff63dee8b946653e2745257343e5e,Cc1cn2ccn(CC3(c4ccc(C(F)(F)F)cc4)CC3)c(=O)c2n1,1,train
d0217952d18888253f306ed144b6c4c12f4663d8,Cc1cc2c(s1)Nc1ccccc1N=C2N1CCNCC1,1,train
c6c00306991930b0af19fbe8f0af6de0053bf7e9,CCSc1ncccc1C(=O)N1CCC([NH2+]Cc2cncn2Cc2ccc(C#N)cc2)C1=O,1,train
063c89d69dd8e01e331bf2f56db1c88040be3558,Cc1cc2c(s1)Nc1ccccc1N=C2N1CC[NH2+]CC1,1,train
b2dc51c794c8b541c67068d3a25017b9211656da,Cc1nc(Nc2ncc(C(=O)Nc3c(C)cccc3Cl)s2)cc(N2CCN(CCO)CC2)n1,1,train
5aaf0ecf3587b4f5de623112f868968482f5b7ec,COc1ccccc1OC[C@H](O)C[NH+]1CC[NH+](CC(=O)Nc2c(C)cccc2C)CC1,1,train
42de561e5113e010e9a427c11a0bd03fffcd1447,COc1ccc(CN2CCC(NC(=O)c3cc(=O)c4ccc(F)cc4o3)CC2)c(F)c1,1,train
5c414aa52ccf4ab2f33a5e93e73d97ad4bcad12b,CN1CCN2c3ccccc3Cc3ccccc3[C@@H]2C1,1,train
aaecf5eb436029808d46bf173ec5369ab1b6f99c,CN(CCO)C(=O)N1CC(c2cc(F)ccc2F)=C[C@H]1c1cccc(O)c1,1,train
d5799baccfa59e5bf7dde303880a369a07dcff72,O=C(NC1CCN(Cc2ccc3c(c2)OCO3)CC1)c1cc(=O)c2ccc(F)cc2o1,1,train
cc79bf79585caf1d41e4c702c4d2e4e00378c6d7,CC(C)(C)NC(=O)C1C[C@@H]2CCCC[C@@H]2C[NH+]1C[C@@H](O)[C@H](Cc1ccccc1)NC(=O)C(CC(N)=O)NC(=O)c1ccc2ccccc2n1,1,train
d35b8a67cc9baaf5c7223f76850710a78362a556,CCC(O)(CC)c1cn(-c2ccc(F)cc2)c2ccc(Cl)cc12,1,train
0a1ec8437cff87de4eefd39fe55fbcf633eb4c88,CC(C)C[C@@H]([NH+](C)C)C1(c2ccc(Cl)cc2)CCC1,1,train
c561a335e7e20f7ad84210079d52916cf818a137,COc1cc2oc(C(=O)NC3CCN(Cc4ccc5c(c4)OCO5)CC3)cc(=O)c2cc1F,1,train
e507e4d0d9de0ca4174be770ce5051e284a4351d,COc1ccc(CNC(=O)c2cc3cc(Cl)ccc3o2)c(OC)c1,1,val
7715c9f761270a3f564023ab34cce5f2194f10f0,COc1cc2nc(N3CCN(C(=O)C4CCCO4)CC3)nc(N)c2cc1OC,1,train
d8b0d7829aaaf9b3d48ad7b5c37a870bb65712b6,COc1ccc([C@@H]2Sc3ccccc3N(CC[NH+](C)C)C(=O)C2OC(C)=O)cc1,1,train
a0e6bfd925707bee86579f947129781443d8062a,CC(C)(C(=O)O)c1ccc([C@H](O)CCCN2CCC(C(O)(c3ccccc3)c3ccccc3)CC2)cc1,1,test
f03aca38e11f96c93ea80ef9ad157d55ee8be416,COc1cc(CNC(=O)CCCC/C=C/C(C)C)ccc1O,1,train
7653914b141b5b70236679e9b33f4f39b03d007b,O=C(C(O)C1CC1)N1CC(c2cc(F)ccc2F)=C[C@H]1c1cccc(O)c1,1,train
9273c3198ae770674dd31af981e4236b4068b3d0,C[C@@H]1CN(c2c(F)c(N)c3c(O)c(C(=O)[O-])c[n+](C4CC4)c3c2F)C[C@H](C)[NH2+]1,1,test
bd4d46054e0f9b9e0761ecb1edaa6a48c75dd961,CN(C)CCOC(c1ccccc1)c1ccccc1,1,val
9e73f5eb87eb44328ece8987d42b0d17ce530b02,CCS(=O)(=O)N(C)[C@H]1c2cc(C#N)ccc2OC(C)(C)[C@@H]1O,1,test
035403ab1a95e00b54828645883e384ed53401f3,O=C(NC1CCN(Cc2ccccc2)CC1)c1cc(=O)c2ccc(F)cc2o1,1,train
8cd09024e02864749a1bd835c02a47847b3df26b,Cc1cccc(C)c1NC(=O)C1CCCC[NH+]1CC1CC1,1,train
9cf102be139972337977d110406814ecad7bad1f,CN(CCCN1c2ccccc2CCc2ccccc21)C(=O)c1cc2cc(Cl)ccc2o1,1,val
486518818fefedcd4ba2845fc692f1d93ab4c443,CC(=O)c1ccc(CN2CCC(NC(=O)c3cc(=O)c4ccc(F)cc4o3)CC2)cc1,1,train
514cfe1e9a34c940aee54c800c60d0ef27a81cf0,Cc1cccc(C)c1NC(=O)CC12CCC[NH+]1CCC2,1,train
38e45442b4f7857efb957e89b9bd348027ddc931,CCCCN1CCCCC1C(=O)Nc1c(C)cccc1C,1,train
091fbaed20b9ca403c424ede0c3ee0be8ec107cb,Cc1ccc2c(n1)N1[C@@H](CNC[C@H]1C)C2,1,train
7c11c10422bd34839a257dcff8b96c0a553455c4,CCc1c(C)[nH]c2c1C(=NNC(=O)Nc1ccccc1)CCC2,1,train
3527c9fef54d2cb9543621d27ebd77ca3f9727e9,C[NH+](C)CCC(c1ccc(Cl)cc1)c1ccccn1,1,train
d0362762e50d8521bac69e703474063c0dc6ec0c,COc1ccc(CCO[C@@H]2CCCC[C@@H]2N2CC[C@@H](O)C2)cc1OC,1,train
f49e8a7eb22e087a5183ccf4368c1b7736975805,CC(C)Oc1cc([C@H](C2=CN[C@@H](C(O)(C(F)(F)F)C(F)(F)F)S2)c2cc[n+]([O-])cc2)ccc1OC(F)F,1,train
b0b719cf3993448212c5406c6b68c002ce43b270,COc1ncccc1C(=O)N1CCC([NH2+]Cc2cncn2Cc2ccc(C#N)cc2)C1=O,1,train
6df6d90ca4895ded34d6ecc14b79835d302c5a27,O=C(NC1CCN(Cc2cccc(F)c2)CC1)c1cc(=O)c2ccc(F)cc2o1,1,train
476a6df06762e21482a8bac7c8bb7c8e457daa06,COc1cc(N[C@H](C)CCCN)c2ncccc2c1,1,train
338c8385e95cf4cf2510fae8d333dae1c095b06c,CC(C)(O)[C@H]1C=CC([C@H](c2cc[n+](O)cc2)c2ccc(OC(F)F)c(OC3CCC3)c2)=CN1,1,train
05162e852ffacf3ffda77ef923fbf93a11609eb4,C[NH+]1CC[NH+](CCCN2c3ccccc3Sc3ccc(Cl)cc32)CC1,1,train
402da416675b5c3219a3e05732f9551926b8e7a5,CC(C)(O)[C@H]1C=CC([C@H](c2cc[n+]([O-])cc2)c2ccc(OC(F)F)c(OC(F)F)c2)=CN1,1,train
56fd92ce0566558d6938f16908a20939386f04d5,c1ccc(C2(c3ccccc3)C[C@H]2C2=[NH+]CCN2)cc1,1,train
7f751e241a93ba3fd9149a003263c14056010411,CC(=O)S[C@@H]1C=C2CC(=O)CC[C@]2(C)[C@H]2CC[C@@]3(C)[C@@H](CC[C@@]34CCC(=O)O4)[C@H]12,1,train
73aada1e2e67eda5237013f15911fffaaafeb49c,O=C1NCCN1CC[NH+]1CCC(c2cn(-c3ccc(F)cc3)c3ccccc23)CC1,1,test
af7c73164a6bb23348508dc7396d988efbba5ebe,CCCN1CCCCC1C(=O)Nc1c(C)cccc1C,1,train
ba7d5c175a521486309a7cd1ee629f2bad998f7d,O=C1CN(CCc2ccc(F)cc2)CCN1[C@H]1CCc2cc(CN3CCS(=O)(=O)CC3)ccc2C1,1,train
96a2082957b720097655ef32efd3df758df2f697,COc1cc(N)c(Cl)cc1C(=O)N[C@@H]1CCN(CCCCCC(=O)O[C@@H]2CN3CCC2CC3)C[C@@H]1OC,1,train
08683896169c51b82ff0d87c6d8bec0e34b93a19,CC(=O)N1CCN(Cc2ccc3c(c2)CC[C@H](N2CCN(CCc4ccc(F)cc4)CC2=O)C3)CC1,1,train
097b92aec874700f9fc734cb52ec4868ee495da4,CN(C)C(=O)C(CO)N(C)Cc1ccc2c(c1)CC[C@H](N1CCN(CCc3ccc(F)cc3)CC1=O)C2,1,train
9391f1959b7c2c6984f07b5f128a1aa736488e69,CC(C)(C)C(NC(=O)OCCO)C(=O)N1CC(c2cc(F)ccc2F)=C[C@@H]1c1ccccc1,1,train
aa94bf9e92a326df6a83e7517e917573eabd7e6e,CC(C)(C)Oc1cc([C@H](C2=CN[C@@H](C(C)(C)O)C=C2)c2cc[n+]([O-])cc2)ccc1OC(F)F,1,train
a142de81742ea89aef6181447add5617b3900d3a,COc1cc(C(=O)N=S(=O)([O-])c2ccccc2C)ccc1Cc1cn(C)c2ccc(NC(=O)OC3CCCC3)cc12,1,val
cfb3bdb2e5df730e05e4d6dd5fc58171815ec66b,CC[NH+](CC)CC#CCOC(=O)[C@@](O)(c1ccccc1)C1CCCCC1,1,train
bc432951fe4472844bd3965732643ee52a2b4161,CC(C)(O)[C@H]1C=CC([C@@H](c2cc[n+]([O-])cc2)c2ccc(OC(F)F)c(OC(F)F)c2)=CN1,1,train
96ec6499d6c0aa8982db7f6cf7c1bc43a4e35f50,Cc1nc2c(=O)n(CC3(c4ccccc4)CC3)ccn2c1Br,1,train
46e4e0b95d94e68cbe2964471319c31ef0cbc391,C[NH+](C)CCOC(c1ccccc1)c1ccccc1,1,train
60d81919c3a26461ad86413cafebc02498b9537c,O=C([O-])COCC[NH+]1CC[NH+]([C@H](c2ccccc2)c2ccc(Cl)cc2)CC1,1,train
4fd5ee0219dfc0ed996bd9da047cd92df8b6ab81,CN(C)C(=O)N1CC(c2cc(F)ccc2F)=C[C@@H]1c1cccc(O)c1,1,train
745329a3267526f95baa74492b4ac09358bfbffe,COCc1ccc(-n2cc(C3CC[NH+](CCN4CCNC4=O)CC3)c3cc(Cl)ccc32)cc1,1,train
9362814fe8770cc64970169159ef550456a21b00,O=C1C[C@@H](c2ccc(O)cc2)Oc2cc(O)cc(O)c21,1,train
f635b0abe8b00d87d201deb8454d6878fdc05576,CC[C@H]1OC(=O)C(C)[C@@H](O[C@H]2C[C@@](C)(OC)[C@@H](O)[C@H](C)O2)[C@H](C)[C@@H](O[C@@H]2O[C@H](C)C[C@H]([NH+](C)C)[C@@H]2O)[C@](C)(O)C[C@@H](C)/C(=N/OCOCCOC)[C@H](C)[C@@H](O)[C@]1(C)O,1,train
2dd162045856776ff6a88306ec1acbc3c4d7da92,CC(C)Oc1cc([C@H](C2=CN[C@H](C(O)(C(F)(F)F)C(F)(F)F)S2)c2ccc[n+]([O-])c2)ccc1OC(F)F,1,train
0a05167c74701b162cfc7ee68bcca463787d102a,CC(C)Oc1cc([C@@H](C2=CN[C@@H](C(O)(C(F)(F)F)C(F)(F)F)S2)c2ccc[n+]([O-])c2)ccc1OC(F)F,1,train
4c09e74b6b0e48ea31dd3d41a89b8d3b314632a7,CC(C)Oc1cc([C@H](C2=CN[C@@H](C(C)(C)O)C=C2)c2cc[n+]([O-])cc2)ccc1OC(F)F,0,train
b0e9d6720d4c9e6bef4e401defb14693b175d5eb,CC(C)Oc1cc([C@H](C2=CN[C@@H](C(C)(C)O)C=C2)c2ccc[n+]([O-])c2)ccc1OC(F)F,0,train
003504642edb160b99066749ddc8ce0195b18f24,Cc1nnc(C(C)C)n1C1C[C@H]2CC[C@@H](C1)N2CC[C@H](NC(=O)C1CCC(F)(F)CC1)c1ccccc1,0,val
022b9c5886b0136006e5b7146896a347dd7e5720,COc1ccc(CC(=O)Nc2cc3c(cc2[N+](=O)[O-])OC(C)(C)[C@H](O)[C@H]3NC2CC2)cc1,0,train
69f753cb114d90b398d1c32ca2f5c37576314961,CC(C)Oc1cc([C@@H](C2=CN[C@@H](C(C)(C)O)C=C2)c2ccc[n+]([O-])c2)ccc1OC(F)F,0,train
083ce9b76cf96846feb272c7704381c1aa3adf58,Cc1ccc([C@@]23CNC[C@@H]2C3)cc1,0,train
6b9197dd151bdc5c3297b760fa8cde8c245e0567,CC(=O)Nc1ccc(CN2CCC(NC(=O)c3cc(=O)c4ccc(F)cc4o3)CC2)cc1,0,train
0ef702d638386214fc5135683bdbf23c906c620c,CCOP(=O)(Sc1ccccc1)Sc1ccccc1,0,train
caccbe326ffe7743ff2a70219a0e212bc67a74e6,CC[NH+](CC)CCNC(=O)c1ccc(NS(C)(=O)=O)cc1,0,train
c7fda7c3ad56eb3fe0fa9fc2a3c3ab39e863bdf3,N#Cc1ccc(Cn2cncc2C[NH2+]C2CCN(C(=O)c3cccnc3[O-])C2=O)cc1,0,train
4d7b702155a61cf1605250cdac860d860ae4c1d6,N#Cc1ccc(Cn2cncc2C[NH2+]C2CCN(C(=O)c3cccnc3N)C2=O)cc1,0,train
10f14c9a3f1548a4873353bcf1d8130edf08a268,Cc1nnc2n1-c1ccc(Cl)cc1C(c1ccccc1Cl)=NC2,0,train
a67174889e578df2f66077cec833648a3da6e68e,COC(=O)C1=C(C)N=C(C)C(C(=O)OC(C)C)[C@H]1c1cccc2nonc12,0,train
a7dd6aaf7f5ba83b44234a1242551dc471de53e2,CN1CCN(Cc2ccc3c(c2)Cc2c(-c4csc(C#CCOc5ccccc5)c4)n[nH]c2-3)C(=O)C1,0,train
c4e21c5a96d22076122e518189a63b0a60c55e46,CC(C)Oc1cc([C@H](C2=CN[C@@H](C(C)(C)O)C=C2)c2ccc(=O)[nH]c2)ccc1OC(F)F,0,train
81da1bec96f489a79d05578b258c67d8d6d7e9ef,CC(C)(C)Oc1cc([C@H](C2=CN[C@H](C(C)(C)O)S2)c2cc[n+]([O-])cc2)ccc1OC(F)F,0,train
6319db0ba3ce4f2149058dcea02451e711408c2e,CC[C@@H]1OC(=O)C(C)[C@H](O[C@H]2C[C@@](C)(OC)[C@@H](O)[C@H](C)O2)[C@H](C)[C@@H](O[C@@H]2O[C@H](C)C[C@@H]([NH+](C)C)[C@@H]2O)[C@@](C)(OC)CC(C)C(=O)C(C)[C@@H](O)[C@]1(C)O,0,train
fabd674f053432f245686c2e6c10d1a277aa7ca2,CC(C)(C)Oc1cc([C@H](C2=CN[C@H](C(O)(C(F)(F)F)C(F)(F)F)S2)c2cc[n+]([O-])cc2)ccc1OC(F)F,0,train
1801c8b43ae7a3e480d6842cb60f8a41bfaeb616,CC(C)CN1C[C@@H]2CN(C(C)C)C[C@H](C1)C21CCCCC1,0,train
f8a4fde2109bf82c7c92ae6703c8abdfee0626fb,O=C(NC1CCN(Cc2ccc3c(c2)OCO3)CC1)c1cc(=O)c2ccc(O)cc2o1,0,train
ce8f95f833b84f6f260638750870981cd177e442,COc1ccc2cc3[n+](cc2c1OC)CCc1cc2c(cc1-3)OCO2,0,val
c6e5f7392882b0e242266389326888bf2bb7d0e3,Cc1c(F)c(N2CC[NH2+][C@H](C)C2)cc2c1c(O)c(C(=O)[O-])c[n+]2C1CC1,0,train
30e523aadc15426d2c0fd104577bc04e2cd61beb,O=C(c1ccc(F)cc1)c1ccc(F)cc1,0,test
5ea6c3e7ad301fbabcacab37e0957bb18f0a2010,O=C(c1ccccc1F)c1ccccc1F,0,test
c46cadecd8f62b308b96a179148759e2b8a93e2f,CC[C@H]1OC(=O)C(C)[C@H](O[C@H]2C[C@](C)(OC)[C@H](O)[C@@H](C)O2)[C@@H](C)[C@@H](O[C@H]2O[C@H](C)C[C@@H]([NH+](C)C)[C@H]2O)[C@](C)(O)CC(C)C(=O)C(C)[C@@H](O)[C@@]1(C)O,0,train
0b9daea15af3adfe5bbb08e0e6104cb5f9c819c7,COc1ccc(Cl)cc1C(=O)NCCc1ccc(S(=O)([O-])=NC(=O)NC2CCCCC2)cc1,0,train
eee27e3fe163fa719ef347179a87479b74546ece,CCC1=C(C)CN(C(=O)NCCc2ccc(S(=O)([O-])=NC(=O)NC3CCC(C)CC3)cc2)C1=O,0,train
7f333f236aa4c4e2cdb016d45da6f0c8cf03e222,CC(C)[NH2+]C[C@H](O)c1ccc(NS(C)(=O)=O)cc1,0,train
d104d82113d6cdca2c3c2fc87ec89767144f4669,O=C(O)c1ccc(-n2cc(C3CCN(CCN4CCNC4=O)CC3)c3cc(Cl)ccc32)cc1,0,train
d6faaceb6137cb1a378e06f1e731dc585cebe1ed,CC([NH2+]C(C)(C)C)C(=O)c1cccc(Cl)c1,0,train
debc7c72de4c098f2d770f4870826b35dde176b4,CC(C)(C)NC[C@H](O)c1cc(Cl)c(N)c(Cl)c1,0,train
c0a7a4702d6a72574c974f873da02f17e21ed630,O=C(NCCN1CCOCC1)c1ccc(Cl)cc1,0,train
038ae09193748b61bf94377acfd86303c970fcd0,COc1cc2nc(N(C)CCCNC(=O)C3CCCO3)nc(C)c2cc1OC,0,train
048b965efc60b17fa3241619787891bdb581db12,O=C1NCCN1CC[NH+]1CCC(c2cn(-c3ccccc3)c3ccc(Cl)cc23)CC1,0,train
5d35bbec9770128b0437f80985d2a99241439a9f,CC[C@](COC(=O)c1cc(OC)c(OC)c(OC)c1)(c1ccccc1)[NH+](C)C,0,test
961c6f216aeeba155e07ae29d99c9719f4f8f71b,CC(C)[NH+](CC[C@](C(N)=O)(c1ccccc1)c1ccccn1)C(C)C,0,train
0892d6b9dcd28ef39424abb44b048f8d25428546,OC(c1ccc(F)cc1)c1ccc(F)cc1,0,val
5295c4d931b56d70800c3700f79c5f1dae31475f,C/C=C1\N(C)[C@H](C)CC1(c1ccccc1)c1ccccc1,0,test
c01e5a30592f672f36890eba998d35d34573152e,Cc1cn2ccn(CC3(c4ccccc4)CC3)c(=O)c2n1,0,train
450bad385cce1c7c933097cd28c171cfb8b6b98b,CCOC(=O)C(CCc1ccccc1)NC(C)C(=O)N1CCCC1C(=O)O,0,train
3662c11c22fe98f59fc6861ce5c25aa0a929445d,CCCC1=N[N+](C)=C2C(=O)N=C(c3cc(S(=O)(=O)N4CC[NH+](C)CC4)ccc3OCC)N=C12,0,test
fe914dacc8be2dbdc0818fd5d269314a7f46ceb2,CN1CC(=O)N2C(Cc3c([nH]c4ccccc34)[C@@H]2c2ccc3c(c2)OCO3)C1=O,0,train
c394ac1ea7bdeeb2e3896e3417749e2ed7d427a7,CN1CC(=O)N2C(Cc3c([nH]c4ccccc34)[C@H]2c2ccc3c(c2)OCO3)C1=O,0,train
679ccfb75a72b9d0566b960662a867ffc02f226e,CO[C@H]1[C@H](O[C@H]2O[C@H](C)[C@H](O[C@@H]3C[C@@](C)(O)[C@H](OC(=O)CC(C)C)[C@@H](C)O3)[C@H]([NH+](C)C)[C@H]2O)[C@@H](CC=O)C[C@@H](C)[C@@H](O)/C=C/C=C\C[C@@H](C)OC(=O)C[C@H]1OC(C)=O,0,train
9fedf9ce6b9385459f2d4c08d2670df14f546df4,C[C@@]12CCC(=O)C=C1C=CC1[C@H]2CC[C@]2(C)[C@@H]1CC[C@]2(O)CCC(=O)[O-],0,train
951eabfd3705aee0d9416688c0083f55f443871d,C[C@]12CCC(=O)C=C1C=CC1[C@H]2CC[C@@]2(C)[C@@H]1CC[C@@]2(O)CCC(=O)O,0,train
27668cfe7e999575751ef4798e6ab2e8d95c0632,CCOc1ccccc1OCC[NH2+][C@H](C)Cc1ccc(OC)c(S(N)(=O)=O)c1,0,train
78f5641d2961e54920e44d2090f9eff39c77e5d7,CCCNC[C@@H](O)COc1ccc(O)cc1C(=O)CCc1ccccc1,0,train
ad559c2de82db09de79538af1dcf81a3d603f833,CC1=C2[C@@H]3OC(=O)C(C)[C@@H]3[C@H](O)C[C@]2(C)C=CC1=O,0,val
e3eb587a21876b4e57acd2e1cb46c2fac550eeac,O=c1c(O)c(-c2ccc(O)cc2O)oc2cc(O)cc(O)c12,0,train
cb0f4a558c35373cea34638873b2e7a254b79edc,CCOC(=O)C1=C(C)N=C(C)C(C(=O)OC)[C@H]1c1cccc([N+](=O)[O-])c1,0,val
4f469337dc9027bb39642eb6271470b9ddc86995,COc1c(N2CC[NH2+][C@H](C)C2)c(F)cc2c(O)c(C(=O)[O-])c[n+](C3CC3)c12,0,train
22c4b74279a14be05ddf2fecf8bf32def3f61c9b,COc1c(N2C[C@H]3CCC[NH2+][C@H]3C2)c(F)cc2c(O)c(C(=O)[O-])c[n+](C3CC3)c12,0,train
851ccac9b825b93422766958a50e3b3575d47cae,COCCc1ccc(-n2cc(C3CC[NH+](CCN4CCNC4=O)CC3)c3cc(Cl)ccc32)cc1,0,train
35c38b994f2223b7270f800775f604c0f79f3bd4,CCC[C@@H](C)C1(CC)C(=O)NC(=O)NC1=O,0,train
6bc62ff0eeb708b1ac065199bc298dfc88669c4f,C[NH+]1CC[NH+]([C@@H]2c3ccccc3Nc3ccc(Cl)cc3N2O)CC1,0,train
ed60802e8fc226fa0a14b57f121d548a6787be50,O=C1NCCN1CC[NH+]1CCC(c2cn(C3CCCCC3)c3ccc(Cl)cc23)CC1,0,train
3511898779eff36e9aba9b16c41738c53bbf6c14,CCN(CC)CCNC(=O)c1ccc(N)cc1,0,train
83fd26f724390118b06376edf6af1866b3e2c835,COCCc1ccc(OC[C@H](O)C[NH2+]C(C)C)cc1,0,train
9b2d57de1b44e8996562da3be5bf88271e12e5ef,CC[C@H]1OC(=O)C(C)[C@@H](O[C@H]2C[C@@](C)(OC)[C@@H](O)[C@H](C)O2)[C@H](C)[C@@H](O[C@@H]2O[C@H](C)C[C@H]([NH2+]C)[C@@H]2O)[C@](C)(O)CC(C)C(=O)C(C)[C@@H](O)[C@]1(C)O,0,train
7eb67537ce2591d49a0036934787116f6476e6c7,CC[C@H]1OC(=O)C(C)[C@H](O[C@H]2C[C@@](C)(O)[C@H](O)[C@@H](C)O2)[C@@H](C)[C@H](O[C@H]2O[C@H](C)C[C@@H]([NH+](C)C)[C@H]2O)[C@](C)(O)CC(C)C(=O)C(C)[C@@H](O)[C@@]1(C)O,0,train
86f912af7016b04ddd7014892b4cf4111fc22b6f,N[C@@H](CC(=O)N1CCn2c(nnc2C(F)(F)F)C1)Cc1cc(F)c(F)cc1F,0,train
ad12b8a7deca136a52b73a850f74b4a9a1e82db4,CC[C@H]1OC(=O)C(C)[C@@H](O[C@H]2C[C@@](C)(O)[C@@H](O)[C@H](C)O2)[C@H](C)[C@@H](O[C@@H]2O[C@H](C)C[C@H](N(C)C)[C@H]2O)[C@](C)(O)CC(C)C(=O)C(C)[C@@H](O)[C@]1(C)O,0,train
6c51026b337f86e961b8b9bb20b84882920d27e8,Cc1cccc(C)c1NC(=O)C1CCCCN1C,0,train
021cb38c85f29c349b2802926756d7c4fdba8b3b,C[NH+]1CCc2cc3c(cc2C(=O)Cc2ccc4c(c2C1)OCO4)OCO3,0,train
1bfb8e2fe73336ad9f1bd80bb9d64f06c125739d,NC1=[NH+]C[C@H]2c3ccccc3Cc3ccccc3N12,0,train
e3ab30b795b826327506b7f6dfeccc2920c68137,COC(=O)C1=CC[C@@H]2CC[C@@H]1[NH+]2C,0,test
f4d3c86e6e6c25c94ea01c9acf26ea8a83e6ea9b,CCCCC1=NC2(CCCC2)C(=O)N1Cc1ccc(-c2ccccc2-c2nn[n-]n2)cc1,0,train
5f0a779745369233c77e6ff4363aeac847d9d2dc,O=C1C=CC[C@@H]2[C@H]3CCCN4CCC[C@H](CN12)[C@H]34,0,train
25b07e014de6c481794fd4a0084359f9d2fdbaca,O=C1c2cccc3c2[C@@H](CCC3)CN1[C@@H]1CN2CCC1CC2,0,train
0ab5fc1803b9adf390ab3e9ad75b2c6108efe98f,Fc1ccc(-n2cc(C3CC[NH2+]CC3)c3cc(Cl)ccc32)cc1,0,test
1b624406b134c8862456b30467da10a852146b16,CO/N=C1\CN(c2nc3c(cc2F)C(=O)C(C(=O)O)CN3C2CC2)CC12CNC2,0,train
f29b86f7916a6ed7c9855c3e518d109776dbb5ce,CCCNC(C)C(=O)Nc1c(C)csc1C(=O)OC,0,train
5adc0dae9c960d7abafe585f18b3d65044a6d3bc,Nc1nnc(-c2cccc(Cl)c2Cl)c(N)n1,0,train
bc0676f5ba2426c6144c4bac28fcfcb905284404,CN(C)CC(c1ccc(O)cc1)C1(O)CCCCC1,0,train
26933c694b104615570705a3602a7d533afcdc89,COc1cc(Cc2cnc(N)nc2N)cc(OC)c1OC,0,train
c1088ed5f6728ad96382a9bde2ff9d99685aa3e0,NC[C@@H](O)COc1ccccc1C(=O)CCc1ccccc1,0,train
4185a42192a1b2458672967b5f0d7fb293d1dc54,O=C1NC(=O)C(c2ccccc2)(c2ccccc2)N1,0,train
14990e3e56d3f4a728199e4fe079df492e4d0e0f,C[NH+]1CCC[C@@H]1c1cccnc1,0,test
10b45aa88e1835ba54fb3f174ecab4b313711f93,CCN(CC)CC(=O)Nc1c(C)cccc1C,0,test
8802c63adeaaa1f594f46e53645d646aacef2e66,CC[C@H]1OC(=O)C(C)[C@@H](O[C@H]2C[C@@](C)(OC)[C@@H](O)[C@H](C)O2)[C@H](C)[C@@H](O[C@@H]2O[C@H](C)C[C@H]([NH+](C)C)[C@@H]2O)[C@@](C)(O)C[C@@H](C)[C@H]([NH3+])[C@H](C)[C@@H](O)[C@]1(C)O,0,train
2d3f8c458b98e6f65fd5a131446afb3cdba44521,COc1ccc([C@@H]2CC(=O)c3c(O)cc(O)cc3O2)cc1O,0,train
f39903ddbcdba8142befdad537ab321be60605d5,COc1ccc2c(c1)c(CC(=O)[O-])c(C)n2C(=O)c1ccc(Cl)cc1,0,test
fdc48c83ad03476d386e6e6018daeaaeffbbea6b,CC(C)(NC(=O)c1ccc(O)cc1)C(=O)O,0,train
4379ee557924a55622a3927fba356d506739645d,COc1ccc2c3c1O[C@H]1[C@@H](O)C=C[C@H]4[C@@H](C2)[NH+](C)CC[C@@]341,0,train
4adf83ea8a8bbf2f215fe52626bf004aeae1aa96,CO[C@@H]1C[C@H](O[C@H]2C(C)C(=O)O[C@H](C)[C@H](C)[C@@H](O)C(C)C(=O)[C@]3(CO3)C[C@@H](C)[C@@H](O[C@H]3O[C@H](C)C[C@@H]([NH+](C)C)[C@@H]3O)[C@H]2C)O[C@H](C)[C@H]1O,0,train
a0b9920bb7715f061c983498d16ca3defc059170,Cc1oc(=O)oc1CN1CCN(c2cc3c(cc2F)c(=O)c(C(=O)O)c2n3[C@@H](C)S2)CC1,0,train
26915f80632f404954d52443b168b6ec9a45256f,C[NH+]1[C@H]2CC[C@@H]1C(C(=O)[O-])[C@H](OC(=O)c1ccccc1)C2,0,train
a7258c4135cda5f1cfe4a1527b6dcf96bce44d60,CC(=O)Oc1ccc2c3c1O[C@H]1[C@@H](OC(C)=O)C=C[C@H]4[C@@H](C2)N(C)CC[C@@]341,0,val
2bff5455077487a87125062c9a0fc9bf75283225,CC(C)(O)c1ccc([C@H](O)CCC[NH+]2CCC(C(O)(c3ccccc3)c3ccccc3)CC2)cc1,0,train
14f88417008a67f01d88f85225a0c5fff9ef0a00,CC1CCN(c2c(F)c(N)c3c(O)c(C(=O)O)cc4c3c2OC[C@H]4C)CC1,0,test
e09aff84ace357e890b4cbbb393084da5a266587,C=C1C[C@@]23C[C@H]4[C@@H]5[C@@]6(C)C[C@H](OC(C)=O)C[C@@]57[C@@H]2[C@H](O)[C@@H]1[C@H](OC(C)=O)[C@]3(O)[C@H]7N4C6,0,train
da278fdcd251e95481c85af200ceed57e031f58a,O=C1NCCN1CC[NH+]1CCC(c2cn(-c3ccc(CCO)cc3)c3ccc(Cl)cc23)CC1,0,train
452c4fdc077fbc4ce7f0062740ef1ffdf3a3aab2,C[C@H]1Sc2c(C(=O)O)c(=O)c3cc(F)c(N4CCNCC4)cc3n21,0,train
f93d0c7968b6be8266885e734663ed0d569d128b,COC(=O)C1=C(C)N=C(C)C(C(=O)OC)C1c1ccccc1[N+](=O)[O-],0,train
ba798610db1b0c39794b91d0dc146f4ba97fe6ee,C[C@H]1COc2c(N3CC[NH+](C)CC3)c(F)cc3c(=O)c(C(=O)[O-])cn1c23,0,train
71a546711b11adbf8d7f352a83cc6805c7c5a32f,O=C([O-])c1c[n+](C2CC2)c2cc(N3CC[NH2+]CC3)c(F)cc2c1O,0,test
b28e89a8014224b9bf03ce535e34ef432a82ac77,CC(C)[NH2+]C[C@@H](O)COc1ccc(CC(N)=O)cc1,0,train
083fbc4aa12e3fbcc86975a6cf9567c5460ad691,C[NH+]1CC[C@]23c4c5ccc(O)c4O[C@@H]2[C@@H](O)C=C[C@H]3[C@H]1C5,0,train
6d944a5872d8383c0d841d74c5ff6ecbebeea2a0,C[C@@H]1COc2c(N3CC[NH+](C)CC3)c(F)cc3c(=O)c(C(=O)[O-])cn1c23,0,train
24dcaf8d1e484264582517cdc8e124bb34ed223e,C[N@@+]1(CC2CC2)CC[C@]23c4c5ccc(O)c4OC2C(=O)CC[C@@]3(O)[C@H]1C5,0,train
12298e0f01b95eb07868b21d8f15969bc14f4372,CC[C@H](O)c1cn(-c2ccc(F)cc2)c2ccc(Cl)cc12,0,train
ba0c9d92a655a4a82fa3ceee3051b702b783b076,CCn1cc(C(=O)[O-])c(=O)c2cc(F)c(N3CC[NH2+][C@H](C)C3)c(F)c21,0,test
763cc80a5c4ac2a863c84524ec4eef5bc1bbde87,NC(=O)N1c2ccccc2C=Cc2ccccc21,0,val
c6012a244443e2fa428f6b064e2e0f373a428e2a,CCC1(c2ccccc2)C(=O)NC(=O)NC1=O,0,train
90d73e1c1809041cc31b3308a9218feb20090464,Nc1ccncc1,0,train
d7c536b03e93b3756f191951a8962c0d283d19a9,C[C@H](O)c1cn(-c2ccc(F)cc2)c2ccc(Cl)cc12,0,train
1f30c4ddc461e5a9594b790e20c640f31cd59f7e,COC(=O)C1[C@@H](O)C[C@H]2CC[C@@H]1[NH+]2C,0,test
82a4b0c4ef5857498c0d5446f1532a76a68a5ee2,CN/C(NCCSCc1[nH]cnc1C)=[NH+]\C#N,0,train
5f4b0c9fad220e73313d51ee7fa60887b0f6ea72,Cc1cc(NS(=O)(=O)c2ccc(N)cc2)no1,0,train
1a9a7c3c540c09f1d87cf1bfc01d1d3a89b095c9,CCCc1cn(-c2ccc(F)cc2)c2ccc(Cl)cc12,0,train
9c56d836f9823c63022da3c239c28554413ee44b,O=C([O-])c1ccc(-n2cc(C3CC[NH+](CCN4CCNC4=O)CC3)c3cc(Cl)ccc32)cc1,0,train
283177a2e0f779dbbd78b73833132f0dc0f4c7fc,N=C(N)c1ccc(OCCCCCOc2ccc(C(=N)N)cc2)cc1,0,train
4367cb446ca2f6692baf9fd6a424f86c18a6106a,CC(C)n1c(/C=C\[C@@H](O)C[C@@H](O)CC(=O)[O-])c(-c2ccc(F)cc2)c2ccccc21,0,test
9c9ec47d9443641fb9dcb6ba7d854cbec013a198,Fc1ccc([C@@H]2CC[NH2+]C[C@@H]2COc2ccc3c(c2)OCO3)cc1,0,train
af18272dbae1580a6e73db48e925c6ee0cc69169,Cc1nnc(C(=O)NC(C)(C)c2nc(C(=O)NCc3ccc(F)cc3)c(O)c(=O)n2C)o1,0,val
0c67029a71750f92483cdd0242f1f80d2209b127,C[NH+](C)CCO[C@](C)(c1ccccc1)c1ccccn1,0,train
4557cad37656003c8be111117cf7594de27c5e48,CCC(C)(C)C(=O)O[C@H]1C[C@@H](C)C=C2C=C[C@H](C)[C@H](CC[C@@H]3C[C@@H](O)CC(=O)O3)[C@H]21,0,train
a255cfbaffd254d2944b227466d8faa4fc6d6fb4,CCCCCCCCCCC[C@@H](C[C@@H]1OC(=O)C1CCCCCC)OC(=O)C(CC(C)C)NC=O,0,train
4cf96c3885429ad0ed9602ed881e33b45b3863e5,COc1ccc2c3c1OC1C(=O)CC[C@@]4(O)[C@@H](C2)[NH+](C)CC[C@]314,0,test
f8ee8aef31a8cecfbc249993d8b42932c153a046,CCCCC(=O)N(Cc1ccc(-c2ccccc2-c2nn[n-]n2)cc1)C(C(=O)[O-])C(C)C,0,test
7fc06b8cd35803d2071f9e1ed65e5a5ff62bdb29,[NH3+]CCCCC([NH2+]C(CCc1ccccc1)C(=O)[O-])C(=O)N1CCCC1C(=O)[O-],0,train
c3239f9af56940b2d53db37e53ad6bd414bce95f,CCCC[C@](C)(O)C/C=C/[C@@H]1C(CCCCCCC(=O)OC)C(=O)C[C@H]1O,0,train
59ff6f6e3249283cab14f01e7506b3bf21a64cf6,O[C@](CC[NH+]1CCCCC1)(c1ccccc1)[C@@H]1C[C@@H]2C=C[C@H]1C2,0,train
69667e0271deb361d92cee8e79da682832c48478,C[C@H]1CN(CC(Cc2ccccc2)C(=O)NCC(=O)O)CC[C@@]1(C)c1cccc(O)c1,0,train
2a74ebf044e7d492b6d0d54db699da091bbe736d,CC(C)Nc1cccnc1N1CCN(C(=O)C2=CC3=C[C@H](NS(C)(=O)=O)C=CC3=N2)CC1,0,val
ee8ec54280e0b738e1f96a8cfa897db845ecdcea,Cc1cnc(C(=O)NCCc2ccc(S(=O)([O-])=NC(=O)NC3CCCCC3)cc2)cn1,0,train
ffff20d98e9fe2d6afaad4ba818a50e85fcbda2f,CCc1ccc(CCOc2ccc(Cc3sc(=O)[nH]c3O)cc2)nc1,0,val
95af6dc4faf4c2fa0286f859114344794af1ed22,CCc1cc(C(N)=S)ccn1,0,val
6aa98e36644e57b2645e7d821f3ad2111b94c85d,Nc1c2c(nc3ccccc13)CCCC2,0,val
4d83b8dddf6e1db0054bf8d8ace5a331c0abea61,N#Cc1ccc(C(c2ccc(C#N)cc2)n2cncn2)cc1,0,train
4456b87d6b271a24a4c97b4fc57c20b0442d4292,CC(C)(C#N)c1cc(Cn2cncn2)cc(C(C)(C)C#N)c1,0,train
4286954e14d6c38d03878bff2b8f2298135bced1,O=C([O-])CCc1nc(-c2ccccc2)c(-c2ccccc2)o1,0,test
f004a21df8f920bca54e0d49e63e7feab8e35e01,O=c1[nH]c(O)cn1/N=C/c1ccc(-c2ccc([N+](=O)[O-])cc2)o1,0,val
21705d40e0177efa509d6d786d48650432d56706,C#C[C@]1(O)CC[C@H]2[C@@H]3CCC4=Cc5oncc5C[C@]4(C)[C@H]3CC[C@@]21C,0,test
7da0523fa6a1eb34b26652478958845842494ba0,Cc1cnc(NC(=O)C2C(=O)c3ccccc3S(=O)(=O)N2C)s1,0,val
1c6b8fbf84878ad2cc096f1b681c61eb3f3b8b4a,CC(=O)Nc1nnc(S(N)(=O)=O)s1,0,train
874765c5e7fbd0ed65285526870b5543de442d32,CCC[NH2+][C@H]1CCc2nc(N)sc2C1,0,train
ee76df12a02e236a198f66ca716f62f53724b493,O=C(c1ccc(OCC[NH+]2CCCCC2)cc1)c1c(-c2ccc(O)cc2)sc2cc(O)ccc12,0,train
b4448a122c1466f2718da7b5645fc906e56fc8d9,NC(CCC(N)=NO)=NO,0,train
ef7f14e067dc0416dada1a006e7897f5e10517d1,Nc1nc(N)nc(CCCc2nc(N)nc(N)n2)n1,0,train
5e1c08c9dec3208b01177fde73fae958a19d7339,Nc1nc(N)nc(CCCCc2nc(N)nc(N)n2)n1,0,train
7d2ee4fecd2c6551895160db4d85aa6a405b68e7,NC(CCCCO)C(=O)O,0,train
1f22b350eb8c167d9938b2f5fc67fc8d3a4680ec,O=C(O)CN(CCN(CC(=O)O)CC(=O)O)CC(=O)O,0,train
83e60a9601006a109c9d8c43fe700e0c0ed535c0,NCCNC(=S)S,0,val
4f41e2715fc739b94d3f77a2abb096af34dd32ac,O=C(O)CCNCC(=O)O,0,train
a49581dc87399753cbcf9f4ee636c7be5f5c9c62,NCCNC[C@@H](O)CO,0,train
77206efcfc19d4de3618e879bae4b55829d56d5d,Nc1nnnn1CCO,0,test
4badf160ebea919f12b61c649c4456100f3a700d,NCCSCCC(=O)O,0,train
4fc1e52e4ca3c6f43dfe9ae8ebe1d4f0a0a1cda0,NCCSS(=O)(=O)CCN,0,test
fb1641e4c83d22477c62483b6f2693a2cd1d1edb,N=c1c(NCO)c(N)nc(N)n1O,0,val
8c43a06b4376f027dec9e2dac1475125338398d8,O=C(O)CCC(=O)C1S(=O)(=O)OCCOS1(=O)=O,0,val
6604b9a7900c24eb45f92aaab487da53ea73ad15,CC[C@@](O)(C(=O)O)c1cc2n(c(=O)c1CO)Cc1cc3ccccc3nc1-2,0,train
9b232d8034ce617a63c3bb72e78e94ae0cefcaf0,C#CCOCCCC(=O)O,0,train
3298e88862c3df442c86f885dd7b5566615f7293,C#CCSc1n[nH]c(-c2ccco2)n1,0,train
9c29d650bbb703702dcc3aa4f80447c05615d242,[N-]=[N+]=NCC(N)=O,0,val
7e55c6eeec06ae22af635fcfd02c949113b670bf,O=C(O)CNC(=O)C1NC(C(F)(F)F)(C(F)(F)F)OC1(C(F)(F)F)C(F)(F)F,0,train
59522e656852edbe05f80fd672e97721cd9c72f7,Nc1[nH]c(SCC(=O)O)nc(=O)c1N,0,val
6ea45fd7cacd3d3c0772a0d0fbe352cc6bf5f6e5,O=C(O)CSc1n[nH]c(=O)[nH]c1=O,0,train
05bada555e0c405fdc8b8323d8711fbc09092909,NC(=O)CC(N)C(N)=O,0,test
fb0c4d30500d0feadc4b9dd164f1b8d8914d5724,NC(C(=O)O)C(N)C(=O)O,0,train
d71661a6c787d26afd0eee2bcdfa94ad817f7481,N=C(N)NCC(N)C(=O)O,0,test
4a1e83ade2677b8d903e7fee1e1176a6758e9ff4,NC(CNO)C(=O)O,0,train
240c4e30649521b49b7dc30b899d820f4680f55d,NC(=O)C[S+]([O-])CC(N)C(=O)O,0,train
cbf53c35841e583310f177d8fcc6eeabca0de581,NC(=O)C[C@@H](N)c1nn[nH]n1,0,train
a18a248921db915999bb4d4b40dce30e8f50c604,NC[C@@H](O)CSP(=O)(O)O,0,train
c271d8c085508299ec857cb94bd80ff2139ecf3e,O=c1[nH]c(SCc2c(Cl)c(Cl)c(Cl)c(Cl)c2Cl)nc(=S)[nH]1,0,train
25422a0b1b0377b55f7c63c1405319b5b08d1d0a,Nc1nc(N)nc(CC(=O)O)n1,0,test
a560b47b660098c1104b3e46b02e452141a11e2e,NC(Cc1nn[nH]n1)C(=O)O,0,train
01350bdd2ca356196a613bdcb71929dfa760b79c,NC(=O)NOCc1[nH]c(=O)[nH]c1O,0,train
93a89e76ce05c05b3518e360e893268479f35b94,O=C(O)C(O)C(O)C1O[SbH]O[C@@H]1CO,0,val
bbd750961dcf1ba9188c0341c6c13b7464de5a1a,CS(=O)(=O)Nc1ccc2c(c1)C(O)CC1(CC[NH+](C3CCc4cc(C#N)ccc4C3)CC1)O2,1,train
25b2c9a49ae64a1d07b71cd2c6dacda178f48998,CCOc1cc(N)c(Cl)cc1C(=O)NCC1C[NH+](Cc2ccc(F)cc2)CCO1,1,train
5dadf023f8a146032bf15fdcf5ab6674455e0fe9,C[NH2+]CCC=C1c2ccccc2CCc2ccccc21,1,train
75787d88f0a92ed63e80ad91880ceabf32a3429e,COc1ccc(C[NH2+]CC(O)COc2ccc3[nH]c(=O)ccc3c2)cc1OC,1,train
060bb7203d99d2fc4d00eb6ec0f355d02b2dd221,CC[NH+](CC)CC#CCOC(=O)C(O)(c1ccccc1)C1CCCCC1,1,train
e2652adf00a0310fcfe72703f5c506f75b91970a,CCC[NH+]1C[C@H](CSC)C[C@@H]2c3cccc4[nH]cc(c34)C[C@H]21,1,train
bcd88623c87529c1a769fd23c33c2863ed377b66,C1CCC(C(C[C@@H]2CCCC[NH2+]2)C2CCCCC2)CC1,1,train
26f0f7f6209cb6646112586712103e402b622f6b,CC(Cc1ccccc1)[NH2+]CCC(c1ccccc1)c1ccccc1,1,train
2a30964890745ce9a9c2b64ba0e88b6e4c0cc99b,CC[NH+](CC)CCNC(=O)c1ccc(N)cc1,1,train
84fb98123a9059879cf294edf28f0f4da4647001,CC(CN1c2ccccc2Sc2ccccc21)[NH+](C)C,1,val
f3f61f84edd2f6b6bf69c7f33dce41ddfe0c269b,CCC[NH2+]CC(O)COc1ccccc1C(=O)CCc1ccccc1,1,train
cc4a08d69b96494e12d46fc3c21ba3a2277407e2,CCC(=O)NC(=O)c1ccc(N)cc1CC[NH+](CC)CC,1,train
7f4acec39ee04b533471884b46c2e11370c429cd,CC(C)[NH2+]CC(O)COc1cccc2ccccc12,1,train
54bf15621a3c83026b0c174a16d1e00c62b5b9fe,CC[C@H]1OC(=O)C(C)[C@@H](O[C@H]2C[C@@](C)(OC)[C@@H](O)[C@H](C)O2)[C@H](C)[C@@H](O[C@@H]2O[C@H](C)C[C@H]([NH+](C)C)[C@H]2O)[C@](C)(O)C[C@@H](C)/C(=N/OCOCCOC)[C@H](C)[C@@H](O)[C@]1(C)O,1,train
ada8a1088cc932edd959e61cb76cb5c92c87015a,CCC(=O)N(c1ccccc1)C1(COC)CC[NH+](CCc2cccs2)CC1,1,train
52d549793cf0c0d5ad3048c37022efce6e9f52cb,CC(CC(c1ccccc1)c1ccccc1)[NH2+]C(C)(C)C,1,train
09b6b37945ba6b82dd6154bda0ba73aa31441eff,CCCC(C)C1(CC)C(=O)NC(=S)NC1=O,1,train
48d7b38949dfe7de73d1848ac172daada82bb108,CSc1ccc2c(c1)N(CC[C@H]1CCCC[N@@H+]1C)c1ccccc1S2,1,train
bcb1599df7d6c5b347fa0af117ac3caaa325db7f,Nc1nc(N)c2nc(-c3ccccc3)c(N)nc2n1,1,train
05843cedc45336b4ed7f9bd1e40dfe9a20bc69df,CC(CN1c2ccccc2CCc2ccccc21)C[NH+](C)C,1,test
de91fc7a7fc0af053c1cd153aff4659a45260419,COc1ccc(C(C[NH+](C)C)C2(O)CCCCC2)cc1,1,train
c3debbba24893a054283daf78b60d789ec819999,COc1ccc(CC[N@H+](C)CCC[C@@](C#N)(c2ccc(OC)c(OC)c2)C(C)C)cc1OC,1,train
9d131411b7124752f16387fe41d04be04c99b96f,CCOC(=O)C1=C[C@]2(CC)CCC[NH+]3CCc4c(n1c1ccccc41)[C@@H]32,1,train
c27495b027e014506bf9579a4ee004365bb82054,CCC[S+]([O-])CCC[NH+](CC)CC(O)COc1ccc(C#N)cc1,1,train
923e429c5d789fb6332ebeead72c00e353e85e79,Clc1ccc(C(c2ccc(Cl)cc2)n2cc[n+](CC(OCc3ccc(Cl)cc3Cl)c3ccc(Cl)cc3Cl)c2)cc1,1,train
0fc33ca00d2ef264a01838671a4c114fdf9e70ec,COC12CCC3(CC1C(C)(O)C(C)(C)C)C1Cc4ccc(O)c5c4C3(CC[NH+]1CC1CC1)C2O5,1,train
0be8e12ca3719cebd4b0652fe762cd86d01691ef,c1ccc(C2(c3ccccc3)CC2C2=[NH+]CCN2)cc1,1,train
49f6f0850a740221911add4b89b8c76b2dec8f10,CC(CN1c2ccccc2Sc2ccc(C#N)cc21)C[NH+](C)C,1,train
4d350bb689e2ba395689a4472c36155acca7705e,CCCCCCCCC(=O)NCc1ccc(CC(O)CO)c(OC)c1,1,train
dd3533a9abf75a12f308c7486d2645229aaef2e7,Cc1cccc(C)c1OCC(=O)NC(Cc1ccccc1)C(O)CC(Cc1ccccc1)NC(=O)C(C(C)C)N1CCCNC1=O,1,train
959d98e36bb44a8813479c3205cab856562ee8a7,CCC(C)C(=O)OC1CC(C)C=C2C=CC(C)C(CCC3CC(O)CC(=O)O3)C21,1,train
bea02a1a55a2ef912d30ff9f2174c794ff6fe66f,CCC(=O)OC(Cc1ccccc1)(c1ccccc1)C(C)C[NH2+]C,1,train
dad3789b6385441529b9db66490f5e719a0fa632,COc1ccc(CC[NH2+]CCCC(C#N)(c2ccc(OC)c(OC)c2)C(C)C)cc1OC,1,train
d6b7e3b19587a3063b9d61468899ea3889646700,COc1ccccc1OCC(O)C[NH+]1CC[NH+](CC(=O)Nc2c(C)cccc2C)CC1,1,train
a8b77097992e9d1e0dada0f9b036244b4ef6843a,CC(C=Cc1c(C)c(O)c2ccccc2c1O)=CCCC(C)CCCC(C)CCCC(C)C,1,train
c4922f67b090575947bc13f4f38d15adf7125fff,CCCC[NH+](CCCC)CC(O)c1cc(Cl)cc2c1-c1ccc(Cl)cc1/C2=C\c1ccc(Cl)cc1,1,train
5c57a1ee75723d0e1e0f89e5a8ea17518ea21a55,Fc1ccc2c(C3C[NH2+]CCC3F)c(-c3ccsc3)[nH]c2c1,1,train
3b55ff3ee90a379eb9eb2979ab7e42d86b7ab44c,CCC1(c2ccccc2)C(=O)NCNC1=O,0,train
06e11443522de1a2f4f01fa346312bdd20b35f51,CNNCc1ccc(C(=O)NC(C)C)cc1,0,train
a9d6a1a3e95f593c3c4e29f7c9c5cb2637197d27,CC(C)NC(=[NH2+])NC(=[NH2+])Nc1ccc(Cl)cc1,0,train
9cdb459a758c6e871f326d4ca3db96dd59f556fc,C[NH2+][C@@H](C)[C@@H](O)c1cccc(O)c1,0,test
ab750d76c02f4edae3320a2c103ea88824d1d74d,Cc1ncc(CO)c(CO)c1O,0,val
86ed0eebbc2f009533c05401de7d6f86a099f90f,CCc1nc(N)nc(N)c1-c1ccc(Cl)cc1,0,train
b33388b694b86522b7551996e8cbdc302e88fafc,NC(=O)c1ncn([C@H]2O[C@@H](CO)[C@H](O)[C@@H]2O)n1,0,train
22d722c92e788396501533bfea51860fea3c9355,Nc1nc2ccc(OC(F)(F)F)cc2s1,0,val
443b221b0d5922b5440640a53c64451701664537,CC([NH3+])C12CC3CC(CC(C3)C1)C2,0,train
a3b01daac571b91abb147b4533741ebf27b938d3,CCN(C)C(=O)Oc1cccc([C@H](C)[NH+](C)C)c1,0,val
5537424a7008d07688f15e11521273b28251766b,C[NH+](C)CCc1c[nH]c2ccc(Cn3cncn3)cc12,0,val
ee4f2b0ca75b2127c1bb52fb249a9e0ef9a96722,CS(=O)(=O)c1ccc(C2=C(c3ccccc3)C(=O)OC2)cc1,0,val
245a8f9b67129defd124de46a9b2c901d4e43cc1,CCC[NH+](CCC)CCc1cccc2[nH]c(O)cc12,0,train
f19a9d442c53a390d368837608a52817cfcb52f4,CN(CCOc1ccc(Cc2sc(=O)[nH]c2O)cc1)c1ccccn1,0,train
8cddac11007f120905e884339a0bf0f3ced70190,C#CC[NH+](C)[C@H](C)Cc1ccccc1,0,train
2eb0204b30cd5ef483ee8fa12f6dbbc1f52f919e,CC(C)CC([NH+](C)C)C1(c2ccc(Cl)cc2)CCC1,0,train
05be05b7a3e72cb104e6f2560753a7de1fd9c96a,CC(C)[NH2+]CC(O)c1ccc(NS(C)(=O)=O)cc1,0,train
41750b4b7b079851723556692450c1535b110bc4,Cc1cn(C2C=CC(CO)O2)c(=O)[nH]c1=O,0,val
a1886aaa42a2ee3efd4975c199a7c5a8c9e1fdd1,CC1=C(CC(=O)[O-])c2cc(F)ccc2C1=Cc1ccc([S+](C)[O-])cc1,0,train
29e4bd10a745bd3ba4be5fe95dd4d136737949f7,CNS(=O)(=O)Cc1ccc2[nH]cc(CC[NH+](C)C)c2c1,0,test
474efbe2ce7c6391ee166d81f38af37ade51de6d,C[N+]1=NN=C2C(C(N)=O)=NC=[N+]2C1=O,0,train
17c178040bbe2d7bd7787304a889d2be8b0fa466,CC(C)(C)[NH2+]CC(O)c1cc(O)cc(O)c1,0,train
55c3e75d89795ff18f9f8defe50d2c75fae224d7,CC12CCC3C(CC=C4CC(=O)C=CC43C)C1CCC(=O)O2,0,train
155f96de99313994754f118f18771afb3ef4d1e3,O=C1CCC(N2C(=O)c3ccccc3C2=O)C(=O)N1,0,val
5e6cff01011a3b8c1897f835b5e8d033e92f4854,Cn1c(=O)c2[nH]cnc2n(C)c1=O,0,train
69dc125ffd82216709fbdcf47220569a19e86450,Nc1nc(=S)c2[nH]cnc2[nH]1,0,train
57c2e9ce321a17395c19a0f2aed2e965282520ea,O=P([O-])([O-])C(Sc1ccc(Cl)cc1)P(=O)([O-])[O-],0,train
cfcb14106353b00fb3cfd2a6eec0d2d4cd9537ae,Clc1ccc2nsnc2c1NC1=[NH+]CCN1,0,test
148a9875ea60b78105c0cb38ad51a80a641b8a25,Cc1ccc(C(=O)c2cc(O)c([O-])c([N+](=O)[O-])c2)cc1,0,val
