smiles,label
CCCCCCCN(CC)CCCCc1ccc([N+](=O)[O-])cc1,1
O=C1NCN(c2ccccc2)C12CC[NH+](CCCC(c1ccc(F)cc1)c1ccc(F)cc1)CC2,1
CS(=O)(=O)Nc1ccc2c(c1)C(=O)CC1(CCN(CCc3ccc4nonc4c3)CC1)O2,1
C[NH+](CCOc1ccc(NS(C)(=O)=O)cc1)CCc1ccc(NS(C)(=O)=O)cc1,1
CN(C)Cc1cc2cc(Cl)ccc2n1-c1ccc(F)cc1,1
c1ccc(-c2[nH]c3ccccc3c2C2C[C@H]3CC[C@@H](C2)N3c2ccccc2)cc1,1
O=C1NCCN1CCN1CCC([C@@H]2CN(c3ccc(F)cc3)c3ccccc32)CC1,1
CCCCCCC[NH+](CC)CCC[C@@H](O)c1ccc(NS(C)(=O)=O)cc1,1
C[C@H]([C@H](O)c1ccc(O)cc1)N1CCC(Cc2ccccc2)CC1,1
Cc1cn(-c2cc(NC(=O)c3ccc(C)c(Nc4nccc(-c5cccnc5)n4)c3)cc(C(F)(F)F)c2)cn1,1
Oc1cc2cc(CC[NH+]3CCN(c4nsc5ccccc45)CC3)c(Cl)cc2[nH]1,1
O=C1N=c2ccccc2=[N+]1CCC[NH+]1CCC([N+]2=c3ccc(Cl)cc3=NC2=O)CC1,1
CC[NH+](CC)CCOc1ccc(/C(=C(/Cl)c2ccccc2)c2ccccc2)cc1,1
CC(C)(Cc1ccc2ccccc2c1)NC[C@@H](O)COc1cccc(Cl)c1C#N,1
CN(CCN(C)S(=O)(=O)c1ccc(NS(C)(=O)=O)cc1)c1nc2ccccc2n1C,1
COc1cc(NS(C)(=O)=O)ccc1Nc1c2ccccc2nc2ccccc12,1
C=c1c(C(=O)NCCN(CC)CC)c(C)[nH]c1=Cc1c(O)[nH]c2ccc(F)cc12,1
O[C@H](CNC[C@@H](O)[C@H]1CCc2cc(F)ccc2O1)[C@H]1CCc2cc(F)ccc2O1,1
CC(C)COC[C@@H](CN(Cc1ccccc1)c1ccccc1)[NH+]1CCCC1,1
C[NH+]1[C@@H]2CC[C@H]1CC(OC(=O)C(CO)c1ccccc1)C2,1
COc1cc(N)c(Cl)cc1C(=O)NC1CCN(Cc2ccccc2)CC1,1
OCCOCCN1CCN([C@H](c2ccccc2)c2ccc(Cl)cc2)CC1,1
CN(C)CCCn1cc(C2=C(c3c[nH]c4ccccc34)C(=O)NC2=O)c2ccccc21,1
Cc1cccc(NC(=O)NC2N=C(c3ccccc3)c3ccccc3N(C)C2=O)c1,1
C[NH2+]CCCC1c2ccccc2C=Cc2ccccc21,1
O=C1NC[C@@H](c2ccc(F)cc2)C12CCN(C1(c3ccc(F)cc3)CCCCC1)CC2,1
C[NH+]1CC[NH+](CCCCn2c(O)cn(/N=C/c3ccc(-c4ccc(Cl)cc4)o3)c2=O)CC1,1
COCC(=O)O[C@@]1(CC[NH+](C)CCCc2nc3ccccc3[nH]2)CCc2cc(F)ccc2[C@@H]1C(C)C,1
Fc1ccc(C(c2ccc(F)cc2)N2CCNCC2)cc1,1
O=C1NC[C@@H](c2ccccc2)C12CCN([C@H]1CCCC[C@@]1(O)C1CCC(F)CC1)CC2,1
CC(=O)N1CCN(c2ccc(OC[C@@H]3CO[C@](Cn4ccnc4)(c4ccc(Cl)cc4Cl)O3)cc2)CC1,1
COc1cc2c(cc1OC)C(=O)C(CC1CC[NH+](Cc3ccccc3)CC1)C2,1
COc1cc(N)c(Cl)cc1C(=O)N[C@H]1CC[NH+]2CCC[C@H]1C2,1
Clc1ccc(CO[C@@H](Cn2ccnc2)c2ccc(Cl)cc2Cl)c(Cl)c1,1
Cc1nc2c([nH]1)-c1ccccc1N(C(=O)c1ccc(NC(=O)c3ccccc3-c3ccccc3)cc1)CC2,1
O[C@@H](c1cc(C(F)(F)F)nc2c(C(F)(F)F)cccc12)[C@H]1CCCC[NH2+]1,1
O[C@H](CCCN1CCC(O)(c2ccc(Cl)cc2)CC1)c1ccc(F)cc1,1
C[C@@H](CN(C)C)[C@](C)(O)Cc1ccc(Cl)cc1,1
CCN(CC)CCOCCOC(=O)C1(c2ccccc2)CCCC1,1
C[NH2+]CCCC12CCC(c3ccccc31)c1ccccc12,1
O=C1CC2(CCCC2)CC(=O)N1CCCCN1CCN(c2ncccn2)CC1,1
C[NH+](C)CCC[C@]1(c2ccc(F)cc2)OCc2cc(C#N)ccc21,1
CC(C)(O)C(Cl)(Cl)Cl,1
COc1cc(-n2cnc3cc(-c4ccc(Cl)cc4)sc3c2=O)ccc1N1CC[C@H](O)C1,1
Cn1c(=O)c2c(ncn2C)n(C)c1=O,1
COc1ccc2c(c1)[C@]13CCCC[C@@H]1[C@H](C2)N(C)CC3,1
CC[NH+](CC)CCNC(=O)c1cc(Cl)c(N)cc1OC,1
O=C(OC1C[C@H]2CC3C[C@H](C1)[NH+]2CC3=O)C1=c2ccccc2=NC1,1
O=C(O[C@@H]1Cc2c(O)cc(O)cc2O[C@@H]1c1cc(O)c(O)c(O)c1)c1cc(O)c(O)c(O)c1,1
CC/N=C(\c1ccc(OC)c(OC)c1)N1CCCc2cc(C3=NNC(=O)S[C@@H]3C)ccc21,1
CCCCc1nc(Cl)c(CO)n1Cc1ccc(-c2ccccc2-c2nn[n-]n2)cc1,1
CC(C)c1nc(CN(C)C(=O)NC(C(=O)N[C@@H](Cc2ccccc2)C[C@H](O)[C@H](Cc2ccccc2)NC(=O)OCc2cncs2)C(C)C)cs1,1
COC(=O)c1[nH]c2cc(F)ccc2c1[C@@H]1C[NH2+]CC[C@H]1F,1
CCC(=O)C(C[C@@H](C)[NH+](C)C)(c1ccccc1)c1ccccc1,1
Cc1ccc(-c2cc(C(F)(F)F)nn2-c2ccc(S(N)(=O)=O)cc2)cc1,1
CN([C@@H]1c2cc(OCCCC(F)(F)F)ccc2OC(C)(C)[C@H]1O)S(C)(=O)=O,1
CC(C)(CN1CCC(=C2c3ccc(F)cc3COc3ccccc32)CC1)C(=O)O,1
O=C1NCCN1CC[NH+]1CC=C(c2cn(-c3ccc(F)cc3)c3ccc(Cl)cc23)CC1,1
O=C1N(Cc2ccccc2)[C@@H]2[C@H]3CCC[S+]3C[C@@H]2N1Cc1ccccc1,1
COc1cc2c(Oc3ccc4[nH]c(C)c(C)c4c3)ncnc2cc1OCCN1CCN(CC(C)=O)CC1,1
CCC(c1cccc(O)c1)[C@@H](C)CN(C)C,1
CCCc1nc(C)c2c(=O)[nH]c(-c3cc(S(=O)(=O)N4CC[NH+](CC)CC4)ccc3OCC)nn12,1
COc1ccc(CNC(=O)c2cc3cc(Cl)ccc3o2)c(OC)c1,1
CC(C)(C(=O)O)c1ccc([C@H](O)CCCN2CCC(C(O)(c3ccccc3)c3ccccc3)CC2)cc1,1
C[C@@H]1CN(c2c(F)c(N)c3c(O)c(C(=O)[O-])c[n+](C4CC4)c3c2F)C[C@H](C)[NH2+]1,1
CN(C)CCOC(c1ccccc1)c1ccccc1,1
CCS(=O)(=O)N(C)[C@H]1c2cc(C#N)ccc2OC(C)(C)[C@@H]1O,1
CN(CCCN1c2ccccc2CCc2ccccc21)C(=O)c1cc2cc(Cl)ccc2o1,1
O=C1NCCN1CC[NH+]1CCC(c2cn(-c3ccc(F)cc3)c3ccccc23)CC1,1
COc1cc(C(=O)N=S(=O)([O-])c2ccccc2C)ccc1Cc1cn(C)c2ccc(NC(=O)OC3CCCC3)cc12,1
Cc1nnc(C(C)C)n1C1C[C@H]2CC[C@@H](C1)N2CC[C@H](NC(=O)C1CCC(F)(F)CC1)c1ccccc1,0
COc1ccc2cc3[n+](cc2c1OC)CCc1cc2c(cc1-3)OCO2,0
O=C(c1ccc(F)cc1)c1ccc(F)cc1,0
O=C(c1ccccc1F)c1ccccc1F,0
CC[C@](COC(=O)c1cc(OC)c(OC)c(OC)c1)(c1ccccc1)[NH+](C)C,0
OC(c1ccc(F)cc1)c1ccc(F)cc1,0
C/C=C1\N(C)[C@H](C)CC1(c1ccccc1)c1ccccc1,0
CCCC1=N[N+](C)=C2C(=O)N=C(c3cc(S(=O)(=O)N4CC[NH+](C)CC4)ccc3OCC)N=C12,0
CC1=C2[C@@H]3OC(=O)C(C)[C@@H]3[C@H](O)C[C@]2(C)C=CC1=O,0
CCOC(=O)C1=C(C)N=C(C)C(C(=O)OC)[C@H]1c1cccc([N+](=O)[O-])c1,0
COC(=O)C1=CC[C@@H]2CC[C@@H]1[NH+]2C,0
Fc1ccc(-n2cc(C3CC[NH2+]CC3)c3cc(Cl)ccc32)cc1,0
C[NH+]1CCC[C@@H]1c1cccnc1,0
CCN(CC)CC(=O)Nc1c(C)cccc1C,0
COc1ccc2c(c1)c(CC(=O)[O-])c(C)n2C(=O)c1ccc(Cl)cc1,0
CC(=O)Oc1ccc2c3c1O[C@H]1[C@@H](OC(C)=O)C=C[C@H]4[C@@H](C2)N(C)CC[C@@]341,0
CC1CCN(c2c(F)c(N)c3c(O)c(C(=O)O)cc4c3c2OC[C@H]4C)CC1,0
O=C([O-])c1c[n+](C2CC2)c2cc(N3CC[NH2+]CC3)c(F)cc2c1O,0
CCn1cc(C(=O)[O-])c(=O)c2cc(F)c(N3CC[NH2+][C@H](C)C3)c(F)c21,0
NC(=O)N1c2ccccc2C=Cc2ccccc21,0
COC(=O)C1[C@@H](O)C[C@H]2CC[C@@H]1[NH+]2C,0
CC(C)n1c(/C=C\[C@@H](O)C[C@@H](O)CC(=O)[O-])c(-c2ccc(F)cc2)c2ccccc21,0
Cc1nnc(C(=O)NC(C)(C)c2nc(C(=O)NCc3ccc(F)cc3)c(O)c(=O)n2C)o1,0
COc1ccc2c3c1OC1C(=O)CC[C@@]4(O)[C@@H](C2)[NH+](C)CC[C@]314,0
CCCCC(=O)N(Cc1ccc(-c2ccccc2-c2nn[n-]n2)cc1)C(C(=O)[O-])C(C)C,0
CC(C)Nc1cccnc1N1CCN(C(=O)C2=CC3=C[C@H](NS(C)(=O)=O)C=CC3=N2)CC1,0
CCc1ccc(CCOc2ccc(Cc3sc(=O)[nH]c3O)cc2)nc1,0
CCc1cc(C(N)=S)ccn1,0
Nc1c2c(nc3ccccc13)CCCC2,0
O=C([O-])CCc1nc(-c2ccccc2)c(-c2ccccc2)o1,0
O=c1[nH]c(O)cn1/N=C/c1ccc(-c2ccc([N+](=O)[O-])cc2)o1,0
C#C[C@]1(O)CC[C@H]2[C@@H]3CCC4=Cc5oncc5C[C@]4(C)[C@H]3CC[C@@]21C,0
Cc1cnc(NC(=O)C2C(=O)c3ccccc3S(=O)(=O)N2C)s1,0
NCCNC(=S)S,0
Nc1nnnn1CCO,0
NCCSS(=O)(=O)CCN,0
N=c1c(NCO)c(N)nc(N)n1O,0
O=C(O)CCC(=O)C1S(=O)(=O)OCCOS1(=O)=O,0
[N-]=[N+]=NCC(N)=O,0
Nc1[nH]c(SCC(=O)O)nc(=O)c1N,0
NC(=O)CC(N)C(N)=O,0
N=C(N)NCC(N)C(=O)O,0
Nc1nc(N)nc(CC(=O)O)n1,0
O=C(O)C(O)C(O)C1O[SbH]O[C@@H]1CO,0
CC(CN1c2ccccc2Sc2ccccc21)[NH+](C)C,1
CC(CN1c2ccccc2CCc2ccccc21)C[NH+](C)C,1
C[NH2+][C@@H](C)[C@@H](O)c1cccc(O)c1,0
Cc1ncc(CO)c(CO)c1O,0
Nc1nc2ccc(OC(F)(F)F)cc2s1,0
CCN(C)C(=O)Oc1cccc([C@H](C)[NH+](C)C)c1,0
C[NH+](C)CCc1c[nH]c2ccc(Cn3cncn3)cc12,0
CS(=O)(=O)c1ccc(C2=C(c3ccccc3)C(=O)OC2)cc1,0
Cc1cn(C2C=CC(CO)O2)c(=O)[nH]c1=O,0
CNS(=O)(=O)Cc1ccc2[nH]cc(CC[NH+](C)C)c2c1,0
O=C1CCC(N2C(=O)c3ccccc3C2=O)C(=O)N1,0
Clc1ccc2nsnc2c1NC1=[NH+]CCN1,0
Cc1ccc(C(=O)c2cc(O)c([O-])c([N+](=O)[O-])c2)cc1,0
