smiles,y,split
Oc1ccc(CCN2CCC(Nc3nc4ccccc4n3Cc3ccc(F)cc3)CC2)cc1,0.97446287,train
Fc1ccc(C(OCC[NH+]2CC[NH+](CCCc3ccccc3)CC2)c2ccc(F)cc2)cc1,0.9612297,train
CCCCCCCN(CC)CCCCc1ccc([N+](=O)[O-])cc1,0.85286623,test
CCCCCCC[N+](CC)(CC)CCCCc1ccc(Cl)cc1,0.85989255,train
O=C1NCN(c2ccccc2)C12CC[NH+](CCCC(c1ccc(F)cc1)c1ccc(F)cc1)CC2,0.9808303,val
O=C(CCCN1CCC(n2c(=O)[nH]c3ccccc32)CC1)c1ccc(F)cc1,0.95643914,train
Fc1ccc(-n2cc(C3CCN(CCN4CCNC4=S)CC3)c3ccccc32)cc1,0.97113556,train
O=C1NCCN1CCN1CCC(c2cn(-c3ccc(F)cc3)c3ccccc23)CC1,0.9710768,train
Fc1ccc(C(OCCN2CCN(CCCc3ccccc3)CC2)c2ccc(F)cc2)cc1,0.9615696,train
CS(=O)(=O)Nc1ccc2c(c1)C(=O)CC1(CCN(CCc3ccc4nonc4c3)CC1)O2,0.9755897,test
CC(C)(C)c1ccc([C@@H](O)CCC[NH+]2CCC(C(O)(c3ccccc3)c3ccccc3)CC2)cc1,0.976732,train
O=C1NCCN1CCN1CC=C(c2cn(-c3ccc(F)cc3)c3ccc(Cl)cc23)CC1,0.97485864,train
C[NH+](CCOc1ccc(NS(C)(=O)=O)cc1)CCc1ccc(NS(C)(=O)=O)cc1,0.9264205,val
CN(C)Cc1cc2cc(Cl)ccc2n1-c1ccc(F)cc1,0.9198948,test
C[C@H]1O[C@@H](O[C@H]2[C@@H](O)C[C@H](O[C@H]3[C@@H](O)C[C@H](O[C@H]4CC[C@@]5(C)[C@H](CC[C@@H]6[C@@H]5CC[C@]5(C)[C@@H](C7=CC(=O)OC7)CC[C@]65O)C4)O[C@@H]3C)O[C@@H]2C)C[C@H](O)[C@@H]1O,0.9977265,train
COc1ccc(CC[NH+]2CCC(Nc3nc4ccccc4n3Cc3ccc(F)cc3)CC2)cc1,0.9765054,train
C[NH+]1CCC[C@@H]1CCO[C@](C)(c1ccccc1)c1ccc(Cl)cc1,0.923774,train
Cc1cccc(CC[NH+]2CCC(C(=O)c3ccc(NS(C)(=O)=O)cc3)CC2)n1,0.93869734,train
O=C1NCCN1CC[NH+]1CCC(c2cn(-c3ccc(F)cc3)c3ccc(Cl)cc23)CC1,0.9741367,train
Cc1ccc(O)c([C@@H](CCN(C(C)C)C(C)C)c2ccccc2)c1,0.91028315,train
CS(=O)(=O)Nc1ccc2c(c1)C(=O)CC1(CCN([C@@H]3CCc4cc(C#N)ccc4C3)CC1)O2,0.9782971,train
C[C@@H]1O[C@@H](O[C@@H]2C[C@@H](O)[C@]3(CO)[C@@H]4[C@@H](CC[C@@]3(O)C2)[C@@]2(O)CC[C@@H](C3=CC(=O)OC3)[C@@]2(C)C[C@@H]4O)[C@H](O)[C@H](O)[C@H]1O,0.99324036,train
Cc1cccc(C)c1NC(=O)C[NH+]1CC[NH+](CCCC(c2ccc(F)cc2)c2ccc(F)cc2)CC1,0.9744008,train
Cc1ccc(O)c([C@H](CC[NH+](C(C)C)C(C)C)c2ccccc2)c1,0.91031337,train
O=C1N=c2ccccc2=[N+]1C1CC[NH+](CCCC(c2ccc(F)cc2)c2ccc(F)cc2)CC1,0.9780895,train
c1ccc(-c2[nH]c3ccccc3c2C2C[C@H]3CC[C@@H](C2)N3c2ccccc2)cc1,0.97622114,val
COc1cc(N)c(Cl)cc1C(=O)N[C@@H]1CCN(CCCOc2ccc(F)cc2)C[C@@H]1OC,0.95861393,train
O=C(CCC[NH+]1CCC(O)(c2ccc(Cl)cc2)CC1)c1ccc(F)cc1,0.93384415,train
COc1ccc(CC[NH+](C)CCCN(C(=O)c2ccc([N+](=O)[O-])cc2)c2ccc(OC)c(OC)c2)cc1OC,0.9806713,train
COc1cc(N)c(Cl)cc1C(=O)N[C@@H]1CC[NH+](CCCOc2ccc(F)cc2)C[C@@H]1OC,0.95838916,train
O[C@@H](CN1CCC(Cc2ccc(F)cc2)CC1)c1ccc(Cl)cc1,0.9119484,train
CS(=O)(=O)Nc1ccc2c(c1)[C@H](O)CC1(CC[NH+]([C@@H]3CCc4cc(C#N)ccc4C3)CC1)O2,0.9774663,train
O=C1NCCN1CCN1CCC([C@@H]2CN(c3ccc(F)cc3)c3ccccc32)CC1,0.96859735,test
N#Cc1ccc(Cn2cncc2C[NH+](CCCc2ccccc2)C2CCN(Cc3cccc(Cl)c3)C2=O)cc1,0.9832969,train
CCCCCCC[NH+](CC)CCC[C@@H](O)c1ccc(NS(C)(=O)=O)cc1,0.8808283,val
Fc1ccc(Cn2c(NC3CC[NH2+]CC3)nc3ccccc32)cc1,0.9362221,train
Clc1ccc(C(c2ccc(Cl)cc2)n2cc[n+](C[C@H](OCc3ccc(Cl)cc3Cl)c3ccc(Cl)cc3Cl)c2)cc1,0.98807526,train
Oc1ccc(CC[NH+]2CCC(Nc3nc4ccccc4n3Cc3ccc(F)cc3)CC2)cc1,0.97434866,train
CCCC[NH+](CCCC)CC[C@@H](O)c1cc2c(Cl)cc(Cl)cc2c2cc(C(F)(F)F)ccc12,0.97073925,train
O=C(CCC[NH+]1CC=C([N+]2=c3ccccc3=NC2=O)CC1)c1ccc(F)cc1,0.9563307,train
CCOC(=O)C1=C[C@]2(CC)CCC[NH+]3CCc4c(n1c1ccccc41)[C@H]32,0.9706086,train
COC(=O)c1ccc(-n2cc(C3CCN(CCN4CCNC4=O)CC3)c3cc(Cl)ccc32)cc1,0.9809347,train
COc1ccc(CNc2nnc(N3CCC4(CC3)CC(O)C4)c3ccc(C#N)cc23)cc1Cl,0.98027945,train
CN1CCN(CCCN(C(=O)Nc2ccc(F)c(C(F)(F)F)c2)[C@@H]2C[C@@H](c3ccc(C#N)cc3)[C@@H]3C[C@H]32)CC1,0.98568547,train
C[C@H]1O[C@@H](O[C@H]2[C@@H](O)C[C@H](O[C@H]3[C@@H](O)C[C@H](O[C@H]4CC[C@@]5(C)[C@H](CC[C@@H]6[C@@H]5C[C@@H](O)[C@]5(C)[C@@H](C7=CC(=O)OC7)CC[C@]65O)C4)O[C@@H]3C)O[C@@H]2C)C[C@H](O)[C@@H]1O,0.99800247,train
CCCCc1oc2ccccc2c1C(=O)c1cc(I)c(OCCN(CC)CC)c(I)c1,0.96457356,train
CCCCNCC[C@H](O)c1cc2c(Cl)cc(Cl)cc2c2cc(C(F)(F)F)ccc12,0.96068126,train
CCCCNCCC(O)c1cc2c(Cl)cc(Cl)cc2c2cc(C(F)(F)F)ccc12,0.9609547,train
NC(=O)C(c1ccccc1)(c1ccccc1)[C@@H]1CCN(CCc2ccc3c(c2)CCO3)C1,0.97708285,train
c1ccc(-c2[nH]c3ccccc3c2C2CCN(c3ccccc3)CC2)cc1,0.9642884,train
O=C1NCCN1CCN1CCC(c2cn(-c3ccccc3)c3ccc(Cl)cc23)CC1,0.9711566,train
CC(C)(C)OC(=O)N1CC[C@@H]2C[NH+](C[C@@H](O)COc3ccc(C#N)cc3)C[C@@H](C1)O2,0.94102055,train
CSc1ccc2c(c1)N(CC[C@H]1CCCC[NH+]1C)c1ccccc1S2,0.94471836,train
CCCCCCCCC(=O)NCc1ccc(C[C@@H](O)CO)c(OC)c1,0.8748119,train
C[C@H]([C@H](O)c1ccc(O)cc1)N1CCC(Cc2ccccc2)CC1,0.9148108,val
CC/C(=C(\c1ccccc1)c1ccc(OCCN(C)C)cc1)c1ccccc1,0.94441396,train
O=C(c1ccc(F)cc1)C1CC[NH+](CCn2c(=O)[nH]c3ccccc3c2=O)CC1,0.9622809,train
Fc1ccc2c([C@@H]3C[NH2+]CC[C@@H]3F)c(-c3cccc4ccccc34)[nH]c2c1,0.968832,train
CC(C)(C)OC(=O)NCCC[NH+](Cc1cncn1Cc1ccc(C#N)cc1)C1CCN(Cc2cccc(Cl)c2)C1=O,0.9827824,train
Cc1cn(-c2cc(NC(=O)c3ccc(C)c(Nc4nccc(-c5cccnc5)n4)c3)cc(C(F)(F)F)c2)cn1,0.98859954,val
CCC[NH+]1C[C@H](CSC)C[C@H]2c3cccc4[nH]cc(c34)C[C@H]21,0.9323173,train
Oc1cc2cc(CC[NH+]3CCN(c4nsc5ccccc45)CC3)c(Cl)cc2[nH]1,0.9678678,test
COC(=O)Cc1ccc(-n2cc(C3CCN(CCN4CCNC4=O)CC3)c3cc(Cl)ccc32)cc1,0.98122406,train
COc1ccc(CC[NH+](C)CCC[C@@](C#N)(c2ccc(OC)c(OC)c2)C(C)C)cc1OC,0.9616025,train
O=C1NCCN1CCN1CCC(c2cn(C3CCCCC3)c3ccc(Cl)cc23)CC1,0.96835047,train
Cc1[nH]c2[n+](c(=O)c1CC[NH+]1CCC(c3noc4cc(F)ccc34)CC1)CCC[C@H]2O,0.97559625,train
N#Cc1ccc(Cn2cncc2CC[NH2+]C2CCN(c3ccccc3)C2=O)cc1,0.9566786,train
O=C1N=c2ccccc2=[N+]1CCC[NH+]1CCC([N+]2=c3ccc(Cl)cc3=NC2=O)CC1,0.9728397,test
Cc1[nH]c2[n+](c(=O)c1CC[NH+]1CCC(c3noc4cc(F)ccc34)CC1)CCCC2,0.9724699,train
CC[NH+](CC)CCOc1ccc(/C(=C(/Cl)c2ccccc2)c2ccccc2)cc1,0.94839793,test
Cc1cc2c(s1)Nc1ccccc1N=C2N1CC[NH+](C)CC1,0.9342753,train
CCOc1ccccc1C(=O)NCCCN1CCOCC1,0.8630037,train
CC(C)(Cc1ccc2ccccc2c1)NC[C@@H](O)COc1cccc(Cl)c1C#N,0.9498011,val
CCCC[NH+](Cc1cncn1Cc1ccc(C#N)cc1)C1CCN(Cc2ccccc2)C1=O,0.9670825,train
N#Cc1ccc(Cn2cncc2C[NH+](CC[NH+]2CCOCC2)C2CCN(Cc3cccc(Cl)c3)C2=O)cc1,0.9809075,train
O=S1(=O)c2cccc3cccc(c23)N1CCCN1CCN(c2ccc(F)cc2)CC1,0.9749323,train
Fc1ccc(-n2cc(C3CCNCC3)c3cc(Cl)ccc32)cc1,0.94119525,train
CN(CCN(C)S(=O)(=O)c1ccc(NS(C)(=O)=O)cc1)c1nc2ccccc2n1C,0.96298957,test
COc1cc(NS(C)(=O)=O)ccc1Nc1c2ccccc2nc2ccccc12,0.96372795,test
CC[NH+](CC)CCCN(c1ccccc1)C1Cc2ccccc2C1,0.9182439,train
C[NH+]1CC[NH+](CCCN2c3ccccc3Sc3ccc(C(F)(F)F)cc32)CC1,0.95846736,train
COc1ccc(CCN(C)CCCN(C(=O)c2ccc([N+](=O)[O-])cc2)c2ccc(OC)c(OC)c2)cc1OC,0.98073226,train
CCOC(=O)C1(c2ccccc2)CCN(C)CC1,0.8620053,train
COc1ccc(C2CCN(CC[C@H]3CCOc4ccccc43)CC2)cc1OC,0.95237654,train
C[NH+]1CCN(C2=Nc3cc(Cl)ccc3Nc3ccccc32)CC1,0.9387874,train
O=C(O[C@@H]1CN2CCC1CC2)N1CCc2ccccc2[C@@H]1c1ccccc1,0.9582982,train
C=c1c(C(=O)NCCN(CC)CC)c(C)[nH]c1=Cc1c(O)[nH]c2ccc(F)cc12,0.9621414,val
Cc1ccc(-c2nc(NC(=O)CN3CCCN(C)CC3)cc(-n3nccc3C)n2)o1,0.9623103,train
c1ccc(C[NH+]2CCC[C@H](c3c(-c4ccccc4)[nH]c4ccccc34)C2)cc1,0.96415097,train
O[C@H](CNC[C@@H](O)[C@H]1CCc2cc(F)ccc2O1)[C@H]1CCc2cc(F)ccc2O1,0.9540138,val
CC[NH+](CC)CCCN(CC(=O)N(C1CCCCC1)C1CCCCC1)C(=O)c1ccc([N+](=O)[O-])cc1,0.9664559,train
CC(C)(C)c1ccc(C(=O)CCC[NH+]2CCC(OC(c3ccccc3)c3ccccc3)CC2)cc1,0.97166157,train
O=c1cc[nH+]c(NCC2CCN(c3nc4ccccc4n3Cc3ccc(F)cc3)CC2)[nH]1,0.97410005,train
O=c1[nH]c2ccccc2n1CCCN1CCN(C(c2ccccc2)c2ccccc2)CC1,0.973408,train
CN(C)CCC(c1ccc(Cl)cc1)c1ccccn1,0.8579242,train
CCC[S+]([O-])CCC[NH+](CC)C[C@@H](O)COc1ccc(C#N)cc1,0.8609653,train
O=c1cc[nH]c(NCC2CCN(c3nc4ccccc4n3Cc3ccc(F)cc3)CC2)n1,0.97404486,train
CCC[NH2+]C[C@@H](O)COc1ccccc1C(=O)CCc1ccccc1,0.8979322,train
N#Cc1ccc(Cn2cncc2C[NH2+]C2CCN(Cc3cccc(Cl)c3)C2=O)cc1,0.95949197,train
CC(C)(O)c1ccc([C@H](O)CCCN2CCC(C(O)(c3ccccc3)c3ccccc3)CC2)cc1,0.97675484,train
C[NH2+]CC[C@@H](Oc1ccc(C(F)(F)F)cc1)c1ccccc1,0.88752675,train
C[C@H](CN(C)C)CN1c2ccccc2Sc2ccc(C#N)cc21,0.925345,train
N#Cc1ccc(Cn2cncc2C[NH+](CCC[NH3+])C2CCN(Cc3cccc(Cl)c3)C2=O)cc1,0.9706671,train
NC(=O)OC[C@@H]1N=C(N)N2CCC(O)(O)[C@@]23N=C(N)N[C@@H]13,0.92449653,train
Fc1ccc2c([C@@H]3C[NH2+]CC[C@@H]3F)c(-c3ccc4ccccc4c3)[nH]c2c1,0.967816,train
COc1ccccc1OCCNC[C@@H](O)COc1cccc2[nH]c3ccccc3c12,0.96250343,train
c1ccc(CC[NH+]2CCC[C@H](c3c(-c4ccccc4)[nH]c4ccccc34)C2)cc1,0.9661316,train
CC(C)COC[C@@H](CN(Cc1ccccc1)c1ccccc1)[NH+]1CCCC1,0.9222738,test
C[NH+]1CCCC[C@@H]1CCN1c2ccccc2Sc2ccc([S+](C)[O-])cc21,0.9503389,train
C[NH+]1[C@@H]2CC[C@H]1CC(OC(=O)C(CO)c1ccccc1)C2,0.89590406,val
O=C(O)Cc1ccc(-n2cc(C3CCN(CCN4CCNC4=O)CC3)c3cc(Cl)ccc32)cc1,0.9796268,train
COc1cc2nc(N3CCN(C(=O)C4COc5ccccc5O4)CC3)nc(N)c2cc1OC,0.9802342,train
C[C@H](Cc1ccccc1)[NH2+]CCC(c1ccccc1)c1ccccc1,0.9158365,train
COc1cc(N)c(Cl)cc1C(=O)NC1CCN(Cc2ccccc2)CC1,0.93441826,test
OCCOCCN1CCN([C@H](c2ccccc2)c2ccc(Cl)cc2)CC1,0.9234314,val
O=C1CCc2ccc(OCCCCN3CCN(c4cccc(Cl)c4Cl)CC3)cc2N1,0.95935184,train
Cc1ccc(-c2nc(NC(=O)CCN(C)C)cc(-n3nccc3C)n2)o1,0.9404787,train
CN1CCN(CCCN(C(=O)Nc2ccc(F)c(C(F)(F)F)c2)[C@@H]2C[C@@H](c3ccc4c(c3)[C@H](N)NO4)[C@@H]3C[C@H]32)CC1,0.99081683,train
Cc1ccc(-n2[nH]c(C)c(N=Nc3cccc(-c4cccc(C(=O)O)c4)c3O)c2=O)cc1C,0.98013353,train
C=C[C@H]1CN2CC[C@H]1C[C@@H]2[C@@H](O)c1ccnc2ccc(OC)cc12,0.9417489,train
[NH3+]CC[C@@H](O)c1cc2c(Cl)cc(Cl)cc2c2cc(C(F)(F)F)ccc12,0.9507168,train
Cc1nccn1CC1CCc2c(c3ccccc3n2C)C1=O,0.94412357,train
CNCC[C@H](Oc1ccc(C(F)(F)F)cc1)c1ccccc1,0.8878598,train
Cc1ccccc1[C@H](OCC[NH+](C)C)c1ccccc1,0.86557424,train
C[C@H](CN1c2ccccc2Sc2ccc(C#N)cc21)C[NH+](C)C,0.9251438,train
C[C@@H](CN(C)C)CN1c2ccccc2Sc2ccc(C#N)cc21,0.92518646,train
N#Cc1ccc(Cn2cncc2C[NH+](Cc2cccnc2)C2CCN(Cc3ccccc3)C2=O)cc1,0.9789018,train
CN(C)CCC(c1ccc(Br)cc1)c1ccccn1,0.8576481,train
O=C(Nc1ccccc1)c1[nH]c2cc(F)ccc2c1[C@@H]1C[NH2+]CC[C@@H]1F,0.95234597,train
COc1ccc(C[NH2+]C[C@@H](O)COc2ccc3[nH]c(=O)ccc3c2)cc1OC,0.94373316,train
C[C@H]1CN(c2ncccc2F)CCN1C(=NC#N)Nc1ccc(C(C)(C)C)cc1,0.95370346,train
CCCCc1oc2ccccc2c1C(=O)c1cc(I)c(OCC[NH+](CC)CC)c(I)c1,0.9644843,train
CC(C)(C)c1ccc(NC(=O)N2CCN(c3ncccc3Cl)CC2)cc1,0.9401058,train
CN(C)CCCn1cc(C2=C(c3c[nH]c4ccccc34)C(=O)NC2=O)c2ccccc21,0.98061013,val
CCCCc1oc2ccc(NS(C)(=O)=O)cc2c1C(=O)c1ccc(OCCCN(CCCC)CCCC)cc1,0.9771787,train
COc1cccc([C@H](O)C2CCN(CCc3ccc(F)cc3)CC2)c1OC,0.9385064,train
OCC[NH+]1CC[NH+](CCCN2c3ccccc3Sc3ccc(Cl)cc32)CC1,0.94969183,train
CC[C@H]1[C@H]2C[C@H]3[C@@H]4N(C)c5ccccc5[C@]45C[C@@H]([C@H]2[C@H]5O)N3[C@@H]1O,0.97262055,train
O=C1CCC(c2ccc(Nc3ccncc3)cc2)=NN1,0.888421,train
C=C[C@H]1C[NH+]2CC[C@H]1C[C@@H]2[C@@H](O)c1ccnc2ccc(OC)cc12,0.94135547,train
Cc1cccc(NC(=O)NC2N=C(c3ccccc3)c3ccccc3N(C)C2=O)c1,0.9666226,val
COc1ccc(C(=O)N2CCN(c3ccc4c(c3)CCC(=O)N4)CC2)cc1OC,0.9635568,train
F[C@@H]1CC[NH2+]C[C@@H]1c1c(-c2ccccc2)[nH]c2ccccc12,0.933748,train
N#Cc1ccc(Cn2cncc2C[NH+](CC[NH+]2CC[NH2+]CC2)C2CCN(Cc3cccc(Cl)c3)C2=O)cc1,0.9810131,train
CS(=O)(=O)CCNCc1ccc(-c2ccc3ncnc(Nc4ccc(OCc5cccc(F)c5)c(Cl)c4)c3c2)o1,0.9870848,train
C[NH2+]CCCC1c2ccccc2C=Cc2ccccc21,0.89805466,val
C[C@@](O)(c1ccccc1)[C@H]1C=CC([C@H](c2cc[n+](O)cc2)c2ccc(OC(F)F)c(OC(F)F)c2)=CN1,0.9805187,train
CCN(CC)Cc1ccc2c(c1)CC[C@H](N1CCN(Cc3ccsc3)CC1=O)C2,0.9548431,train
CCOC(=O)C1[C@@H](OC(=O)c2ccccc2)C[C@@H]2CC[C@H]1[NH+]2C,0.9141737,train
Cc1nc2n(c(=O)c1CCN1CCC(c3noc4cc(F)ccc34)CC1)CCC[C@@H]2O,0.9756586,train
CCCN(CCC)CCc1cccc2[nH]c(O)cc12,0.8649654,train
O=C1NC[C@@H](c2ccc(F)cc2)C12CCN(C1(c3ccc(F)cc3)CCCCC1)CC2,0.97676986,test
CN(C(=O)N1CC(c2cc(F)ccc2F)=C[C@H]1c1ccccc1)C1CCNCC1,0.96008927,train
CN(CCCN)C(=O)N1CC(c2cc(F)ccc2F)=C[C@H]1c1ccccc1,0.94418436,train
Fc1ccc(-c2[nH]c3cc(F)ccc3c2[C@H]2CCC[NH2+]C2)cc1,0.94014287,train
CC(=O)OCOC(=O)CN(CC(=O)O)c1ccccc1OCCOc1ccccc1N(CC(=O)O)CC(=O)O,0.9676885,train
C[NH2+]CCCN1c2ccccc2CCc2ccccc21,0.8993448,train
C[NH+]1CC[NH+](CCCCn2c(O)cn(/N=C/c3ccc(-c4ccc(Cl)cc4)o3)c2=O)CC1,0.96648973,val
O=C1NC[C@@H](c2ccccc2)C12CCN([C@H]1CCCC[C@@H]1c1ccccc1)CC2,0.9661749,train
O=C(NC1CCN(Cc2ccc3c(c2)OCO3)CC1)c1cc(=O)c2cc(Cl)c(Cl)cc2o1,0.9760705,train
F[C@@H]1CC[NH2+]C[C@H]1c1c(-c2ccccc2)[nH]c2cc(Cl)ccc12,0.9405682,train
COCC(=O)O[C@@]1(CC[NH+](C)CCCc2nc3ccccc3[nH]2)CCc2cc(F)ccc2[C@@H]1C(C)C,0.97767794,val
Cn1c(NCCN(CCO)CCCc2ccc([N+](=O)[O-])cc2)cc(=O)n(C)c1=O,0.9398745,train
C[NH+](C)CCCN1c2ccccc2Sc2ccc(Cl)cc21,0.910989,train
COc1cc2c(Nc3ccc(Br)cc3F)ncnc2cc1OCC1CCN(C(=O)CN(C)C)CC1,0.9765564,train
CC(C)(C)C(N)C(=O)N1CC(c2cc(F)ccc2F)=C[C@H]1c1ccccc1,0.95016074,train
Fc1ccc2c([C@@H]3C[NH2+]CC[C@H]3F)c(-c3ccsc3)[nH]c2c1,0.9362104,train
C[C@H](CC(c1ccccc1)c1ccccc1)[NH2+]C(C)(C)C,0.8745984,train
COc1cc2nc(N3CCN(C(=O)c4ccco4)CC3)nc(N)c2cc1OC,0.9636541,train
CC/C(=C(/c1ccccc1)c1ccc(OCC[NH+](C)C)cc1)c1ccccc1,0.94428355,train
Fc1ccc(C(c2ccc(F)cc2)N2CCNCC2)cc1,0.8995408,val
Fc1ccc(-c2[nH]c3cc(F)ccc3c2[C@@H]2C[NH2+]CC[C@@H]2F)cc1,0.9467965,train
Cc1ccc(-c2nc(NC(=O)CN3CCC(CN(C)C)CC3)cc(-n3nccc3C)n2)o1,0.96775806,train
C(#Cc1cc(-c2[nH]nc3c2Cc2cc(Cn4cncn4)ccc2-3)cs1)COc1ccccc1,0.9819779,train
CCN(CC)Cc1ccc2c(c1)CC[C@H](N1CCN(CCc3cc(N)cc(C(F)(F)F)c3)CC1=O)C2,0.97749287,train
O=C1NC[C@@H](c2ccccc2)C12CCN([C@H]1CCCC[C@@]1(O)C1CCC(F)CC1)CC2,0.9729196,val
CCC(=O)N(c1ccccc1)C1CC[NH+](CCc2ccccc2)CC1,0.920577,train
CC(=O)N1CCN(c2ccc(OC[C@@H]3CO[C@](Cn4ccnc4)(c4ccc(Cl)cc4Cl)O3)cc2)CC1,0.9809941,val
COc1cc2c(cc1OC)C(=O)C(CC1CC[NH+](Cc3ccccc3)CC1)C2,0.954998,test
O=C1CN(CCc2ccc(F)cc2)CCN1[C@H]1CCc2cc(CN3CCC(C(F)(F)F)CC3)ccc2C1,0.98067975,train
CCOC(=O)C1=C(COCC[NH3+])N=C(C)C(C(=O)OC)[C@H]1c1ccccc1Cl,0.9376955,train
COc1cc(N)c(Cl)cc1C(=O)N[C@H]1CC[NH+]2CCC[C@H]1C2,0.91226166,val
Clc1ccc(CO[C@@H](Cn2ccnc2)c2ccc(Cl)cc2Cl)c(Cl)c1,0.929141,test
F[C@H]1CC[NH2+]C[C@H]1c1c(-c2ccccc2)[nH]c2c(Cl)cccc12,0.9421325,train
CC[C@@H](OC(C)=O)C(C[C@@H](C)[NH+](C)C)(c1ccccc1)c1ccccc1,0.9288555,train
CC(C)(CN)C(=O)N1CC(c2cc(F)ccc2F)=C[C@@H]1c1ccccc1,0.94630075,train
CC[C@@H](O)c1cn(-c2ccc(F)cc2)c2ccc(Cl)cc12,0.9225538,train
Cc1nc2c([nH]1)-c1ccccc1N(C(=O)c1ccc(NC(=O)c3ccccc3-c3ccccc3)cc1)CC2,0.99068975,test
CCOC(=O)N1CCC(=C2c3ccc(Cl)cc3CCc3cccnc32)CC1,0.95656717,train
NCC[C@H](Oc1ccc(C(F)(F)F)cc1)c1ccccc1,0.88219196,train
CN1CCc2cccc3c2[C@H]1Cc1ccc(O)c(O)c1-3,0.93590426,train
CC(C)C(N)C(=O)N1CC(c2cc(F)ccc2F)=C[C@@H]1c1ccccc1,0.9433352,train
CC[C@H](OC(C)=O)C(C[C@H](C)N(C)C)(c1ccccc1)c1ccccc1,0.92943645,train
COc1ccc(CN(CC[NH+](C)C)c2ccccn2)cc1,0.87320966,train
CC[NH+](CC)CCC[C@@H](C)Nc1ccnc2cc(Cl)ccc12,0.8893914,train
O=C(NC1CCN(Cc2ccc3c(c2)OCO3)CC1)c1cc(=O)c2ccc(Br)cc2o1,0.9723272,train
C1CCC2(C1)C1C[NH+](CC3CC3)CC2C[NH+](CC2CC2)C1,0.9287178,train
Fc1ccc2c([C@@H]3C[NH2+]CC[C@@H]3F)c(C3=CNC=CC3)[nH]c2c1,0.9374185,train
COc1cc2c(cc1OC)[C@@H]1Cc3ccc(OC)c(OC)c3[C@@H](Cc3ccccc3)N1CC2,0.9815559,train
O[C@@H](c1cc(C(F)(F)F)nc2c(C(F)(F)F)cccc12)[C@H]1CCCC[NH2+]1,0.94782954,test
COc1cc2c(cc1OC)[C@@H](Cc1ccc(Oc3cc(C[C@@H]4c5cc(OC)c(OC)cc5CCN4C)ccc3O)cc1)N(C)CC2,0.99508286,train
CC1=CN2C(=N)C(Cl)=CC(C(=O)NC[C@@H]3CCCN(CC(C)C)C3)[C@@H]2N1,0.93172705,train
O[C@H](CCCN1CCC(O)(c2ccc(Cl)cc2)CC1)c1ccc(F)cc1,0.93250865,test
C[C@@H](CN(C)C)[C@](C)(O)Cc1ccc(Cl)cc1,0.8118774,val
O=c1n(CCCN2CCN(c3cccc(Cl)c3)CC2)nc2ccccn12,0.94771636,train
CCN(CC)CCOCCOC(=O)C1(c2ccccc2)CCCC1,0.90003896,val
Fc1cccc2c([C@@H]3C[NH2+]CC[C@@H]3F)c(-c3ccccc3)[nH]c12,0.94226885,train
Clc1ccccc1C(c1ccccc1)(c1ccccc1)n1ccnc1,0.9560746,train
C[NH2+]CCCC12CCC(c3ccccc31)c1ccccc12,0.9377234,val
COc1ccc(CC[NH2+]CCC[C@@](C#N)(c2ccc(OC)c(OC)c2)C(C)C)cc1OC,0.9573856,train
N#Cc1ccc(Cn2cncc2C[NH2+]C2CCN(c3ccncc3)C2=O)cc1,0.9541109,train
Cc1[nH]cnc1CN1CCc2c(c3ccccc3n2C)C1=O,0.9451928,train
CCN(CC)Cc1ccc2c(c1)CC[C@H](N1CCN(CCc3ccc(Cl)cc3)CC1=O)C2,0.96449935,train
CCN(CC)Cc1ccc2c(c1)CC[C@H](N1CCN(CCC3CCCCC3)CC1=O)C2,0.95726043,train
C[NH+](C)CCCN1c2ccccc2CCc2ccccc21,0.906723,train
CN(C)CCCN1c2ccccc2CCc2ccccc21,0.9068675,train
NC(C(=O)N1CC(c2cc(F)ccc2F)=C[C@H]1c1ccccc1)C1CC1,0.9519143,train
CN1CCN(CCCN2c3ccccc3Sc3ccc(C(F)(F)F)cc32)CC1,0.9587617,train
O=C(NC1CCN(Cc2ccc3c(c2)OCO3)CC1)c1cc(=O)c2ccc(OC(F)F)cc2o1,0.9779478,train
O=C(NC1CCN(Cc2ccc3c(c2)OCO3)CC1)c1cc(=O)c2ccc(Cl)cc2o1,0.97238785,train
Nc1ccc(C(=O)N2C[C@H]3C[C@@H](C2)C[NH+](Cc2ccccc2)C3)cc1,0.9354198,train
CCC(=O)O[C@](Cc1ccccc1)(c1ccccc1)[C@H](C)C[NH2+]C,0.90769285,train
Cn1nc(C(=O)NC2C[C@H]3CCC[C@@H](C2)[NH+]3C)c2ccccc21,0.93733275,train
COCCCC/C(=N\OCC[NH3+])c1ccc(C(F)(F)F)cc1,0.85888433,train
O=C(NC[C@H]1CCCC[NH2+]1)c1cc(OCC(F)(F)F)ccc1OCC(F)(F)F,0.92203075,train
O=C1CC2(CCCC2)CC(=O)N1CCCCN1CCN(c2ncccn2)CC1,0.94893163,test
C[NH+](C)CCC[C@]1(c2ccc(F)cc2)OCc2cc(C#N)ccc21,0.93338895,test
CN(C)CCCN1c2ccccc2CCc2ccc(Cl)cc21,0.91648465,train
O=C1CN(CCc2ccc(F)cc2)CCN1[C@H]1CCc2cc(Cn3ccnc3)ccc2C1,0.97035956,train
O=C(NC1CCN(Cc2ccc3c(c2)OCO3)CC1)c1cc(=O)c2cc(F)ccc2o1,0.97230655,train
Clc1ccc2c(c1)N=C(N1CCNCC1)c1ccccc1N2,0.93217725,train
Fc1ccc2c([C@@H]3C[NH2+]CC[C@@H]3F)c(-c3ccccc3)[nH]c2c1,0.94060266,train
COCCC[NH+]1CCC(NC(=O)c2cc(Cl)c(N)c3c2OCC3)CC1,0.93034506,train
Cc1ccc(-c2nc(NC(=O)CC3CCN(C)CC3)cc(-n3nccc3C)n2)o1,0.95973974,train
CC(C)(O)C(Cl)(Cl)Cl,0.6502183,val
Clc1ccc2c(c1)CCc1cccnc1C2=C1CC[NH2+]CC1,0.93256783,train
COc1cc(-n2cnc3cc(-c4ccc(Cl)cc4)sc3c2=O)ccc1N1CC[C@H](O)C1,0.97893894,val
Clc1ccc2c(c1)N=C(N1CC[NH2+]CC1)c1ccccc1N2,0.9321327,train
C[C@@H](O)c1cn(-c2ccc(F)cc2)c2ccc(Cl)cc12,0.916531,train
Cn1c(=O)c2c(ncn2C)n(C)c1=O,0.8550797,test
c1ccc(-c2[nH]c3ccccc3c2[C@H]2CCC[NH2+]C2)cc1,0.9255907,train
N#Cc1ccc2c(=O)cc(C(=O)NC3CCN(Cc4ccc5c(c4)OCO5)CC3)oc2c1,0.9747481,train
Clc1ccc2c(c1)C(N1CCNCC1)=Nc1ccccc1O2,0.9314616,train
COc1ccc2c(c1)[C@]13CCCC[C@@H]1[C@H](C2)N(C)CC3,0.9267783,test
COCCOCC#Cc1cc(-c2[nH]nc3c2C(=O)c2cc(CN4CCN(C)CC4)ccc2-3)cs1,0.9803719,train
COc1ccc(CN2CCC(NC(=O)c3cc(=O)c4ccc(F)cc4o3)CC2)cc1,0.9624601,train
CC[NH+](CC)CCNC(=O)c1cc(Cl)c(N)cc1OC,0.85890603,test
Fc1ccc2c([C@@H]3C[NH2+]CC[C@@H]3F)c(C3CCCCCC3)[nH]c2c1,0.93863183,train
CN(C)CCC=C1c2ccccc2CCc2ccccc21,0.9073625,train
CCCCNC[C@H](O)c1cc(Cl)cc2c1-c1ccc(Cl)cc1/C2=C/c1ccc(Cl)cc1,0.97201806,train
CN(C)C[C@@H](c1ccc(O)cc1)C1(O)CCCCC1,0.86167884,train
NC(C(=O)N1CC(c2cc(F)ccc2F)=C[C@H]1c1cccc(O)c1)C1CC1,0.9571855,train
O=C(NC1CCN(Cc2ccc3c(c2)OC(F)(F)O3)CC1)c1cc(=O)c2ccc(F)cc2o1,0.9781643,train
c1ccc(-c2[nH]c3ccccc3c2C2CC[NH2+]CC2)cc1,0.92650515,train
OCCOCC[NH+]1CCN(C2=Nc3ccccc3Sc3ccccc32)CC1,0.9473623,train
CC(C=Cc1c(C)c(O)c2ccccc2c1O)=CCC[C@H](C)CCC[C@H](C)CCCC(C)C,0.9540217,train
N#Cc1ccc(Cn2cncc2C[NH2+]C2CCN(C(=O)c3cccc(Cl)c3)C2=O)cc1,0.96643406,train
O=C(OC1C[C@H]2CC3C[C@H](C1)[NH+]2CC3=O)C1=c2ccccc2=NC1,0.9489978,val
O=C(O[C@@H]1Cc2c(O)cc(O)cc2O[C@@H]1c1cc(O)c(O)c(O)c1)c1cc(O)c(O)c(O)c1,0.9792559,test
N#Cc1ccc(Cn2cncc2C[NH2+]C2CCN(C(=O)c3cncc(Br)c3)C2=O)cc1,0.96631837,train
Fc1ccc(-n2cc(C3CC[NH+](CCN4CCNC4=S)CC3)c3cc(Cl)ccc32)cc1,0.97418934,train
CNCC[C@@H](Oc1ccccc1C)c1ccccc1,0.8521478,train
C[NH+](C)CC/C=C1/c2ccccc2COc2ccccc21,0.90638053,train
CN(C(=O)N1CC(c2cc(F)ccc2F)=C[C@H]1c1cccc(O)c1)C1CCNCC1,0.96449775,train
CCS(=O)(=O)C[NH2+][C@@H]1c2cc(C[NH3+])ccc2OC(C)(C)[C@H]1O,0.90431875,train
COc1ccc(CC[NH+](C)CCCNc2c(Cl)cn[nH]c2=O)cc1OC,0.91929317,train
CC/N=C(\c1ccc(OC)c(OC)c1)N1CCCc2cc(C3=NNC(=O)S[C@@H]3C)ccc21,0.97314215,val
COc1ccc(CCN(C)CCC[C@@](C#N)(c2cc(OC)c(OC)c(OC)c2)C(C)C)cc1OC,0.9696704,train
O=C(NC1CCN(Cc2ccc3c(c2)OCO3)CC1)c1cc(=O)c2ccccc2o1,0.96899015,train
O=C1NCCN1CCN1CCC(c2cn(-c3ccc(F)cc3)c3ccc(Cl)cc23)CC1,0.97425157,train
C[NH+]1CCCC[C@@H]1c1c(-c2ccccc2)[nH]c2ccccc12,0.9345849,train
Fc1ccc2[nH]c(-c3ccccc3)c([C@@H]3C[NH2+]CC[C@@H]3F)c2c1,0.9406018,train
F[C@H]1CC[NH2+]C[C@H]1c1c(-c2ccccc2)[nH]c2ccc(Cl)cc12,0.9404222,train
COC(=O)C1[C@H]2CC[C@@H](C[C@H]1OC(=O)c1ccccc1)[NH+]2C,0.9092097,train
N#Cc1ccc(Cn2cncc2C[NH2+]C2CCN(Cc3ccccc3)C2=O)cc1,0.9545818,train
CC(C)N(CC[C@@](C(N)=O)(c1ccccc1)c1ccccn1)C(C)C,0.92682225,train
COc1ccc(Cc2nccc3cc(OC)c(OC)cc23)cc1OC,0.9425183,train
CCc1ccc2c(=O)cc(C(=O)NC3CCN(Cc4ccc5c(c4)OCO5)CC3)oc2c1,0.974696,train
COc1ccc(C[C@@H]2c3cc(Oc4cc(C[C@@H]5c6cc(OC)c(OC)cc6CCN5C)ccc4O)c(OC)cc3CCN2C)cc1,0.9950997,train
CO[C@]12CC[C@@]3(C[C@@H]1[C@@](C)(O)C(C)(C)C)[C@H]1Cc4ccc(O)c5c4[C@@]3(CC[NH+]1CC1CC1)[C@H]2O5,0.9931899,train
CCCCc1nc(Cl)c(CO)n1Cc1ccc(-c2ccccc2-c2nn[n-]n2)cc1,0.96768504,test
CCOc1cc(N)c(Cl)cc1C(=O)NC[C@@H]1C[NH+](Cc2ccc(F)cc2)CCO1,0.9462543,train
CC(C)(C)C(O)C(=O)N1CC(c2cc(F)ccc2F)=C[C@H]1c1cccc(O)c1,0.9550117,train
CC(C)(C)C(=O)N1CC(c2cc(F)ccc2F)=C[C@H]1c1cccc(O)c1,0.9465909,train
C1CCC(C(C[C@H]2CCCC[NH2+]2)C2CCCCC2)CC1,0.85843545,train
CSc1ncccc1C(=O)N1CCC([NH2+]Cc2cncn2Cc2ccc(C#N)cc2)C1=O,0.96991336,train
C[NH2+][C@H]1CC[C@@H](c2ccc(Cl)c(Cl)c2)c2ccccc21,0.9055165,train
CCN(CC)Cc1ccc2c(c1)CC[C@H](N1CCN(CCc3ccc(F)cc3)CC1=O)C2,0.9643958,train
CCCC[NH+](CCCC)C[C@H](O)c1cc(Cl)cc2c1-c1ccc(Cl)cc1/C2=C\c1ccc(Cl)cc1,0.979246,train
CC(C)c1nc(CN(C)C(=O)NC(C(=O)N[C@@H](Cc2ccccc2)C[C@H](O)[C@H](Cc2ccccc2)NC(=O)OCc2cncs2)C(C)C)cs1,0.9905067,test
N#Cc1ccc(Cn2cncc2C[NH2+]C2CCN(c3cccc4ncccc34)C2=O)cc1,0.976045,train
COC(=O)c1[nH]c2cc(F)ccc2c1[C@@H]1C[NH2+]CC[C@H]1F,0.91701776,val
CC(C)C(N)C(=O)N1CC(c2cc(F)ccc2F)=C[C@@H]1c1cccc(O)c1,0.94949675,train
COc1ccc(CN2CCC(NC(=O)c3cc(=O)c4ccc(F)cc4o3)CC2)cc1F,0.9673285,train
Cc1cccc(C)c1OCC(=O)N[C@H](Cc1ccccc1)[C@H](O)C[C@@H](Cc1ccccc1)NC(=O)C(C(C)C)N1CCCNC1=O,0.9877659,train
O=C(Cc1ccc(C(F)(F)F)cc1C(F)(F)F)NC1N=C(c2ccccc2)c2ccccc2N(CC(F)(F)F)C1=O,0.989175,train
C[C@H](Cc1cc2c(c(C(N)=O)c1)N(CCCO)CC2)NCCOc1ccccc1OCC(F)(F)F,0.9681809,train
Cc1ccc(OC[C@H](O)[C@H](C)NC(C)C)c2c1CCC2,0.87419087,train
C[NH+]1CCC[C@H](c2c(-c3ccccc3)[nH]c3ccccc23)C1,0.93291026,train
CCC(=O)C(C[C@@H](C)[NH+](C)C)(c1ccccc1)c1ccccc1,0.91368514,val
C[NH+](C)CCC=C1c2ccccc2CCc2ccccc21,0.90721816,train
COc1ccc(CC(=O)NCc2ccccc2-c2ccccc2C(=O)NCCc2cccnc2)cc1,0.9754622,train
Cc1ccc(-c2cc(C(F)(F)F)nn2-c2ccc(S(N)(=O)=O)cc2)cc1,0.9520266,test
NC(N)=[NH+]c1nc(CSCC/C(N)=[NH+]/S(N)(=O)=O)cs1,0.8311051,train
CN([C@@H]1c2cc(OCCCC(F)(F)F)ccc2OC(C)(C)[C@H]1O)S(C)(=O)=O,0.9365842,test
CC(C)(CN1CCC(=C2c3ccc(F)cc3COc3ccccc32)CC1)C(=O)O,0.9653494,test
CC(C)Cn1c(=O)n(C)c(=O)c2[nH]cnc21,0.86518955,train
Cc1cccc(C)c1OC[C@@H](C)[NH3+],0.75668305,train
CN(C(=O)Cc1ccc(CNS(C)(=O)=O)cc1)[C@@H](CN1CC[C@@H](O)C1)c1ccccc1,0.9494004,train
CCCOC(C(=O)OC1CCN(C)CC1)(c1ccccc1)c1ccccc1,0.94085145,train
CC(C)[NH2+]C[C@@H](O)COc1cccc2ccccc12,0.8566081,train
O=C1NCCN1CC[NH+]1CC=C(c2cn(-c3ccc(F)cc3)c3ccc(Cl)cc23)CC1,0.9747459,test
O=C1N(Cc2ccccc2)[C@@H]2[C@H]3CCC[S+]3C[C@@H]2N1Cc1ccccc1,0.95499194,test
Cc1ncccc1C(=O)N1CCC([NH2+]Cc2cncn2Cc2ccc(C#N)cc2)C1=O,0.9672926,train
COc1cc2c(Oc3ccc4[nH]c(C)c(C)c4c3)ncnc2cc1OCCN1CCN(CC(C)=O)CC1,0.9849969,val
CC(C)(C)N1CCC(c2ccccc2)(c2ccccc2)CC1,0.9222012,train
COc1cccc(CN2CCC(NC(=O)c3cc(=O)c4ccc(F)cc4o3)CC2)c1,0.96245384,train
COc1ccccc1OCC[NH2+]C[C@@H](O)COc1cccc2[nH]c3ccccc3c12,0.9624778,train
O=C(NC1CCN(Cc2ccc3c(c2)OCO3)CC1)c1cc(=O)c2cc(F)c(Cl)cc2o1,0.9759839,train
O=C1CN(CCc2ccc(F)cc2)CCN1[C@H]1CCc2cc(CN3CCCCC3)ccc2C1,0.97047734,train
O=C(C(O)C1CC1)N1CC(c2cc(F)ccc2F)=C[C@@H]1c1ccccc1,0.9515577,train
C[NH+](C)Cc1cn(-c2ccc(F)cc2)c2ccc(Cl)cc12,0.9196474,train
N#Cc1ccc(Cn2cncc2C[NH2+]C2CCN(C(=O)c3cccnc3[S-])C2=O)cc1,0.9672298,train
COc1ccc2c(=O)cc(C(=O)NC3CCN(Cc4ccc5c(c4)OCO5)CC3)oc2c1,0.9747575,train
Cc1c(O)cccc1C(=O)N[C@@H](CSc1ccccc1)[C@H](O)C[NH+]1C[C@H]2CCCC[C@H]2CC1C(=O)NC(C)(C)C,0.98110664,train
COCCOCC#Cc1cc(-c2[nH]nc3c2Cc2ccc(Cn4cncn4)cc2-3)cs1,0.9730811,train
C[NH+]1CCN(C2=Nc3ccccc3Nc3sc(CO)cc32)CC1,0.9393453,train
CC[C@@H](O)C(C[C@@H](C)NC)(c1ccccc1)c1ccccc1,0.9031559,train
O=C(OC1C[C@@H]2CC3C[C@H](C1)[NH+]2C[C@@H]3O)c1c[nH]c2ccccc12,0.9508097,train
O=C(NC1CCN(Cc2ccc3c(c2)OCCO3)CC1)c1cc(=O)c2ccc(F)cc2o1,0.97389674,train
COc1ccc(CCNCCCNC(=O)c2ccc([N+](=O)[O-])cc2)cc1OC,0.9290394,train
CCC(C)C(=O)O[C@@H]1C[C@@H](C)C=C2C=C[C@@H](C)[C@@H](CC[C@@H]3C[C@@H](O)CC(=O)O3)[C@H]21,0.93875706,train
CCC(c1cccc(O)c1)[C@@H](C)CN(C)C,0.7973951,val
CCCc1nc(C)c2c(=O)[nH]c(-c3cc(S(=O)(=O)N4CC[NH+](CC)CC4)ccc3OCC)nn12,0.9808585,test
CS(=O)(=O)N1CCN(Cc2ccc3c(c2)CC[C@H](N2CCN(CCc4ccc(F)cc4)CC2=O)C3)CC1,0.98062414,train
O=C(NC1CCN(Cc2cc3c(cc2Cl)OCO3)CC1)c1cc(=O)c2ccc(F)cc2o1,0.97600573,train
Cc1cn2ccn(CC3(c4ccc(C(F)(F)F)cc4)CC3)c(=O)c2n1,0.95909894,train
Cc1cc2c(s1)Nc1ccccc1N=C2N1CCNCC1,0.92721575,train
CCSc1ncccc1C(=O)N1CCC([NH2+]Cc2cncn2Cc2ccc(C#N)cc2)C1=O,0.9715846,train
Cc1cc2c(s1)Nc1ccccc1N=C2N1CC[NH2+]CC1,0.9271681,train
Cc1nc(Nc2ncc(C(=O)Nc3c(C)cccc3Cl)s2)cc(N2CCN(CCO)CC2)n1,0.9719839,train
COc1ccccc1OC[C@H](O)C[NH+]1CC[NH+](CC(=O)Nc2c(C)cccc2C)CC1,0.9510304,train
COc1ccc(CN2CCC(NC(=O)c3cc(=O)c4ccc(F)cc4o3)CC2)c(F)c1,0.96731156,train
CN1CCN2c3ccccc3Cc3ccccc3[C@@H]2C1,0.9209096,train
CN(CCO)C(=O)N1CC(c2cc(F)ccc2F)=C[C@H]1c1cccc(O)c1,0.9471993,train
O=C(NC1CCN(Cc2ccc3c(c2)OCO3)CC1)c1cc(=O)c2ccc(F)cc2o1,0.97230667,train
CC(C)(C)NC(=O)C1C[C@@H]2CCCC[C@@H]2C[NH+]1C[C@@H](O)[C@H](Cc1ccccc1)NC(=O)C(CC(N)=O)NC(=O)c1ccc2ccccc2n1,0.99259865,train
CCC(O)(CC)c1cn(-c2ccc(F)cc2)c2ccc(Cl)cc12,0.94081664,train
CC(C)C[C@@H]([NH+](C)C)C1(c2ccc(Cl)cc2)CCC1,0.87686044,train
COc1cc2oc(C(=O)NC3CCN(Cc4ccc5c(c4)OCO5)CC3)cc(=O)c2cc1F,0.9780678,train
COc1ccc(CNC(=O)c2cc3cc(Cl)ccc3o2)c(OC)c1,0.9324343,val
COc1cc2nc(N3CCN(C(=O)C4CCCO4)CC3)nc(N)c2cc1OC,0.9605961,train
COc1ccc([C@@H]2Sc3ccccc3N(CC[NH+](C)C)C(=O)C2OC(C)=O)cc1,0.9522599,train
CC(C)(C(=O)O)c1ccc([C@H](O)CCCN2CCC(C(O)(c3ccccc3)c3ccccc3)CC2)cc1,0.9819151,test
COc1cc(CNC(=O)CCCC/C=C/C(C)C)ccc1O,0.84807044,train
O=C(C(O)C1CC1)N1CC(c2cc(F)ccc2F)=C[C@H]1c1cccc(O)c1,0.9566928,train
C[C@@H]1CN(c2c(F)c(N)c3c(O)c(C(=O)[O-])c[n+](C4CC4)c3c2F)C[C@H](C)[NH2+]1,0.9718829,test
CN(C)CCOC(c1ccccc1)c1ccccc1,0.8494382,val
CCS(=O)(=O)N(C)[C@H]1c2cc(C#N)ccc2OC(C)(C)[C@@H]1O,0.91491294,test
O=C(NC1CCN(Cc2ccccc2)CC1)c1cc(=O)c2ccc(F)cc2o1,0.954009,train
Cc1cccc(C)c1NC(=O)C1CCCC[NH+]1CC1CC1,0.8993601,train
CN(CCCN1c2ccccc2CCc2ccccc21)C(=O)c1cc2cc(Cl)ccc2o1,0.9781803,val
CC(=O)c1ccc(CN2CCC(NC(=O)c3cc(=O)c4ccc(F)cc4o3)CC2)cc1,0.96667975,train
Cc1cccc(C)c1NC(=O)CC12CCC[NH+]1CCC2,0.90234685,train
CCCCN1CCCCC1C(=O)Nc1c(C)cccc1C,0.88046783,train
Cc1ccc2c(n1)N1[C@@H](CNC[C@H]1C)C2,0.8563795,train
CCc1c(C)[nH]c2c1C(=NNC(=O)Nc1ccccc1)CCC2,0.92231894,train
C[NH+](C)CCC(c1ccc(Cl)cc1)c1ccccn1,0.8577163,train
COc1ccc(CCO[C@@H]2CCCC[C@@H]2N2CC[C@@H](O)C2)cc1OC,0.9181686,train
CC(C)Oc1cc([C@H](C2=CN[C@@H](C(O)(C(F)(F)F)C(F)(F)F)S2)c2cc[n+]([O-])cc2)ccc1OC(F)F,0.9809482,train
COc1ncccc1C(=O)N1CCC([NH2+]Cc2cncn2Cc2ccc(C#N)cc2)C1=O,0.9701332,train
O=C(NC1CCN(Cc2cccc(F)c2)CC1)c1cc(=O)c2ccc(F)cc2o1,0.9588595,train
COc1cc(N[C@H](C)CCCN)c2ncccc2c1,0.8666521,train
CC(C)(O)[C@H]1C=CC([C@H](c2cc[n+](O)cc2)c2ccc(OC(F)F)c(OC3CCC3)c2)=CN1,0.97028786,train
C[NH+]1CC[NH+](CCCN2c3ccccc3Sc3ccc(Cl)cc32)CC1,0.9425402,train
CC(C)(O)[C@H]1C=CC([C@H](c2cc[n+]([O-])cc2)c2ccc(OC(F)F)c(OC(F)F)c2)=CN1,0.96232915,train
c1ccc(C2(c3ccccc3)C[C@H]2C2=[NH+]CCN2)cc1,0.92362124,train
CC(=O)S[C@@H]1C=C2CC(=O)CC[C@]2(C)[C@H]2CC[C@@]3(C)[C@@H](CC[C@@]34CCC(=O)O4)[C@H]12,0.97274077,train
O=C1NCCN1CC[NH+]1CCC(c2cn(-c3ccc(F)cc3)c3ccccc23)CC1,0.97094834,test
CCCN1CCCCC1C(=O)Nc1c(C)cccc1C,0.8741783,train
O=C1CN(CCc2ccc(F)cc2)CCN1[C@H]1CCc2cc(CN3CCS(=O)(=O)CC3)ccc2C1,0.9763306,train
COc1cc(N)c(Cl)cc1C(=O)N[C@@H]1CCN(CCCCCC(=O)O[C@@H]2CN3CCC2CC3)C[C@@H]1OC,0.9747547,train
CC(=O)N1CCN(Cc2ccc3c(c2)CC[C@H](N2CCN(CCc4ccc(F)cc4)CC2=O)C3)CC1,0.9784259,train
CN(C)C(=O)C(CO)N(C)Cc1ccc2c(c1)CC[C@H](N1CCN(CCc3ccc(F)cc3)CC1=O)C2,0.9781138,train
CC(C)(C)C(NC(=O)OCCO)C(=O)N1CC(c2cc(F)ccc2F)=C[C@@H]1c1ccccc1,0.9669126,train
CC(C)(C)Oc1cc([C@H](C2=CN[C@@H](C(C)(C)O)C=C2)c2cc[n+]([O-])cc2)ccc1OC(F)F,0.966333,train
COc1cc(C(=O)N=S(=O)([O-])c2ccccc2C)ccc1Cc1cn(C)c2ccc(NC(=O)OC3CCCC3)cc12,0.9900892,val
CC[NH+](CC)CC#CCOC(=O)[C@@](O)(c1ccccc1)C1CCCCC1,0.9126939,train
CC(C)(O)[C@H]1C=CC([C@@H](c2cc[n+]([O-])cc2)c2ccc(OC(F)F)c(OC(F)F)c2)=CN1,0.96220475,train
Cc1nc2c(=O)n(CC3(c4ccccc4)CC3)ccn2c1Br,0.9462435,train
C[NH+](C)CCOC(c1ccccc1)c1ccccc1,0.8492213,train
O=C([O-])COCC[NH+]1CC[NH+]([C@H](c2ccccc2)c2ccc(Cl)cc2)CC1,0.9283733,train
CN(C)C(=O)N1CC(c2cc(F)ccc2F)=C[C@@H]1c1cccc(O)c1,0.93995315,train
COCc1ccc(-n2cc(C3CC[NH+](CCN4CCNC4=O)CC3)c3cc(Cl)ccc32)cc1,0.97761077,train
O=C1C[C@@H](c2ccc(O)cc2)Oc2cc(O)cc(O)c21,0.9087457,train
CC[C@H]1OC(=O)C(C)[C@@H](O[C@H]2C[C@@](C)(OC)[C@@H](O)[C@H](C)O2)[C@H](C)[C@@H](O[C@@H]2O[C@H](C)C[C@H]([NH+](C)C)[C@@H]2O)[C@](C)(O)C[C@@H](C)/C(=N/OCOCCOC)[C@H](C)[C@@H](O)[C@]1(C)O,0.9953904,train
CC(C)Oc1cc([C@H](C2=CN[C@H](C(O)(C(F)(F)F)C(F)(F)F)S2)c2ccc[n+]([O-])c2)ccc1OC(F)F,0.9810457,train
CC(C)Oc1cc([C@@H](C2=CN[C@@H](C(O)(C(F)(F)F)C(F)(F)F)S2)c2ccc[n+]([O-])c2)ccc1OC(F)F,0.98088694,train
CC(C)Oc1cc([C@H](C2=CN[C@@H](C(C)(C)O)C=C2)c2cc[n+]([O-])cc2)ccc1OC(F)F,0.962465,train
CC(C)Oc1cc([C@H](C2=CN[C@@H](C(C)(C)O)C=C2)c2ccc[n+]([O-])c2)ccc1OC(F)F,0.96246886,train
Cc1nnc(C(C)C)n1C1C[C@H]2CC[C@@H](C1)N2CC[C@H](NC(=O)C1CCC(F)(F)CC1)c1ccccc1,0.98223037,val
COc1ccc(CC(=O)Nc2cc3c(cc2[N+](=O)[O-])OC(C)(C)[C@H](O)[C@H]3NC2CC2)cc1,0.9723299,train
CC(C)Oc1cc([C@@H](C2=CN[C@@H](C(C)(C)O)C=C2)c2ccc[n+]([O-])c2)ccc1OC(F)F,0.96234494,train
Cc1ccc([C@@]23CNC[C@@H]2C3)cc1,0.84019,train
CC(=O)Nc1ccc(CN2CCC(NC(=O)c3cc(=O)c4ccc(F)cc4o3)CC2)cc1,0.9677417,train
CCOP(=O)(Sc1ccccc1)Sc1ccccc1,0.8471031,train
CC[NH+](CC)CCNC(=O)c1ccc(NS(C)(=O)=O)cc1,0.85114557,train
N#Cc1ccc(Cn2cncc2C[NH2+]C2CCN(C(=O)c3cccnc3[O-])C2=O)cc1,0.9672021,train
N#Cc1ccc(Cn2cncc2C[NH2+]C2CCN(C(=O)c3cccnc3N)C2=O)cc1,0.9676472,train
Cc1nnc2n1-c1ccc(Cl)cc1C(c1ccccc1Cl)=NC2,0.94982904,train
COC(=O)C1=C(C)N=C(C)C(C(=O)OC(C)C)[C@H]1c1cccc2nonc12,0.9516069,train
CN1CCN(Cc2ccc3c(c2)Cc2c(-c4csc(C#CCOc5ccccc5)c4)n[nH]c2-3)C(=O)C1,0.9861253,train
CC(C)Oc1cc([C@H](C2=CN[C@@H](C(C)(C)O)C=C2)c2ccc(=O)[nH]c2)ccc1OC(F)F,0.96256846,train
CC(C)(C)Oc1cc([C@H](C2=CN[C@H](C(C)(C)O)S2)c2cc[n+]([O-])cc2)ccc1OC(F)F,0.96354485,train
CC[C@@H]1OC(=O)C(C)[C@H](O[C@H]2C[C@@](C)(OC)[C@@H](O)[C@H](C)O2)[C@H](C)[C@@H](O[C@@H]2O[C@H](C)C[C@@H]([NH+](C)C)[C@@H]2O)[C@@](C)(OC)CC(C)C(=O)C(C)[C@@H](O)[C@]1(C)O,0.9937609,train
CC(C)(C)Oc1cc([C@H](C2=CN[C@H](C(O)(C(F)(F)F)C(F)(F)F)S2)c2cc[n+]([O-])cc2)ccc1OC(F)F,0.9830309,train
CC(C)CN1C[C@@H]2CN(C(C)C)C[C@H](C1)C21CCCCC1,0.90311915,train
O=C(NC1CCN(Cc2ccc3c(c2)OCO3)CC1)c1cc(=O)c2ccc(O)cc2o1,0.9724444,train
COc1ccc2cc3[n+](cc2c1OC)CCc1cc2c(cc1-3)OCO2,0.9667045,val
Cc1c(F)c(N2CC[NH2+][C@H](C)C2)cc2c1c(O)c(C(=O)[O-])c[n+]2C1CC1,0.96284944,train
O=C(c1ccc(F)cc1)c1ccc(F)cc1,0.83940893,test
O=C(c1ccccc1F)c1ccccc1F,0.84688,test
CC[C@H]1OC(=O)C(C)[C@H](O[C@H]2C[C@](C)(OC)[C@H](O)[C@@H](C)O2)[C@@H](C)[C@@H](O[C@H]2O[C@H](C)C[C@@H]([NH+](C)C)[C@H]2O)[C@](C)(O)CC(C)C(=O)C(C)[C@@H](O)[C@@]1(C)O,0.9929784,train
COc1ccc(Cl)cc1C(=O)NCCc1ccc(S(=O)([O-])=NC(=O)NC2CCCCC2)cc1,0.9613156,train
CCC1=C(C)CN(C(=O)NCCc2ccc(S(=O)([O-])=NC(=O)NC3CCC(C)CC3)cc2)C1=O,0.9665405,train
CC(C)[NH2+]C[C@H](O)c1ccc(NS(C)(=O)=O)cc1,0.8151714,train
O=C(O)c1ccc(-n2cc(C3CCN(CCN4CCNC4=O)CC3)c3cc(Cl)ccc32)cc1,0.97925603,train
CC([NH2+]C(C)(C)C)C(=O)c1cccc(Cl)c1,0.80474275,train
CC(C)(C)NC[C@H](O)c1cc(Cl)c(N)c(Cl)c1,0.8271648,train
O=C(NCCN1CCOCC1)c1ccc(Cl)cc1,0.8321282,train
COc1cc2nc(N(C)CCCNC(=O)C3CCCO3)nc(C)c2cc1OC,0.94798356,train
O=C1NCCN1CC[NH+]1CCC(c2cn(-c3ccccc3)c3ccc(Cl)cc23)CC1,0.97102845,train
CC[C@](COC(=O)c1cc(OC)c(OC)c(OC)c1)(c1ccccc1)[NH+](C)C,0.947723,test
CC(C)[NH+](CC[C@](C(N)=O)(c1ccccc1)c1ccccn1)C(C)C,0.9269134,train
OC(c1ccc(F)cc1)c1ccc(F)cc1,0.8346891,val
C/C=C1\N(C)[C@H](C)CC1(c1ccccc1)c1ccccc1,0.9231806,test
Cc1cn2ccn(CC3(c4ccccc4)CC3)c(=O)c2n1,0.9366596,train
CCOC(=O)C(CCc1ccccc1)NC(C)C(=O)N1CCCC1C(=O)O,0.91966546,train
CCCC1=N[N+](C)=C2C(=O)N=C(c3cc(S(=O)(=O)N4CC[NH+](C)CC4)ccc3OCC)N=C12,0.97757655,test
CN1CC(=O)N2C(Cc3c([nH]c4ccccc34)[C@@H]2c2ccc3c(c2)OCO3)C1=O,0.98066413,train
CN1CC(=O)N2C(Cc3c([nH]c4ccccc34)[C@H]2c2ccc3c(c2)OCO3)C1=O,0.9805853,train
CO[C@H]1[C@H](O[C@H]2O[C@H](C)[C@H](O[C@@H]3C[C@@](C)(O)[C@H](OC(=O)CC(C)C)[C@@H](C)O3)[C@H]([NH+](C)C)[C@H]2O)[C@@H](CC=O)C[C@@H](C)[C@@H](O)/C=C/C=C\C[C@@H](C)OC(=O)C[C@H]1OC(C)=O,0.993403,train
C[C@@]12CCC(=O)C=C1C=CC1[C@H]2CC[C@]2(C)[C@@H]1CC[C@]2(O)CCC(=O)[O-],0.95862424,train
C[C@]12CCC(=O)C=C1C=CC1[C@H]2CC[C@@]2(C)[C@@H]1CC[C@@]2(O)CCC(=O)O,0.9586456,train
CCOc1ccccc1OCC[NH2+][C@H](C)Cc1ccc(OC)c(S(N)(=O)=O)c1,0.9312054,train
CCCNC[C@@H](O)COc1ccc(O)cc1C(=O)CCc1ccccc1,0.9086144,train
CC1=C2[C@@H]3OC(=O)C(C)[C@@H]3[C@H](O)C[C@]2(C)C=CC1=O,0.9075767,val
O=c1c(O)c(-c2ccc(O)cc2O)oc2cc(O)cc(O)c12,0.93813455,train
CCOC(=O)C1=C(C)N=C(C)C(C(=O)OC)[C@H]1c1cccc([N+](=O)[O-])c1,0.9334855,val
COc1c(N2CC[NH2+][C@H](C)C2)c(F)cc2c(O)c(C(=O)[O-])c[n+](C3CC3)c12,0.9661926,train
COc1c(N2C[C@H]3CCC[NH2+][C@H]3C2)c(F)cc2c(O)c(C(=O)[O-])c[n+](C3CC3)c12,0.976086,train
COCCc1ccc(-n2cc(C3CC[NH+](CCN4CCNC4=O)CC3)c3cc(Cl)ccc32)cc1,0.978875,train
CCC[C@@H](C)C1(CC)C(=O)NC(=O)NC1=O,0.8302363,train
C[NH+]1CC[NH+]([C@@H]2c3ccccc3Nc3ccc(Cl)cc3N2O)CC1,0.94451,train
O=C1NCCN1CC[NH+]1CCC(c2cn(C3CCCCC3)c3ccc(Cl)cc23)CC1,0.9682103,train
CCN(CC)CCNC(=O)c1ccc(N)cc1,0.8051293,train
COCCc1ccc(OC[C@H](O)C[NH2+]C(C)C)cc1,0.80856615,train
CC[C@H]1OC(=O)C(C)[C@@H](O[C@H]2C[C@@](C)(OC)[C@@H](O)[C@H](C)O2)[C@H](C)[C@@H](O[C@@H]2O[C@H](C)C[C@H]([NH2+]C)[C@@H]2O)[C@](C)(O)CC(C)C(=O)C(C)[C@@H](O)[C@]1(C)O,0.99227226,train
CC[C@H]1OC(=O)C(C)[C@H](O[C@H]2C[C@@](C)(O)[C@H](O)[C@@H](C)O2)[C@@H](C)[C@H](O[C@H]2O[C@H](C)C[C@@H]([NH+](C)C)[C@H]2O)[C@](C)(O)CC(C)C(=O)C(C)[C@@H](O)[C@@]1(C)O,0.9922035,train
N[C@@H](CC(=O)N1CCn2c(nnc2C(F)(F)F)C1)Cc1cc(F)c(F)cc1F,0.95408565,train
CC[C@H]1OC(=O)C(C)[C@@H](O[C@H]2C[C@@](C)(O)[C@@H](O)[C@H](C)O2)[C@H](C)[C@@H](O[C@@H]2O[C@H](C)C[C@H](N(C)C)[C@H]2O)[C@](C)(O)CC(C)C(=O)C(C)[C@@H](O)[C@]1(C)O,0.99228376,train
Cc1cccc(C)c1NC(=O)C1CCCCN1C,0.85744804,train
C[NH+]1CCc2cc3c(cc2C(=O)Cc2ccc4c(c2C1)OCO4)OCO3,0.9627175,train
NC1=[NH+]C[C@H]2c3ccccc3Cc3ccccc3N12,0.9204853,train
COC(=O)C1=CC[C@@H]2CC[C@@H]1[NH+]2C,0.79505396,test
CCCCC1=NC2(CCCC2)C(=O)N1Cc1ccc(-c2ccccc2-c2nn[n-]n2)cc1,0.97761965,train
O=C1C=CC[C@@H]2[C@H]3CCCN4CCC[C@H](CN12)[C@H]34,0.89315647,train
O=C1c2cccc3c2[C@@H](CCC3)CN1[C@@H]1CN2CCC1CC2,0.94390285,train
Fc1ccc(-n2cc(C3CC[NH2+]CC3)c3cc(Cl)ccc32)cc1,0.9411569,test
CO/N=C1\CN(c2nc3c(cc2F)C(=O)C(C(=O)O)CN3C2CC2)CC12CNC2,0.9755377,train
CCCNC(C)C(=O)Nc1c(C)csc1C(=O)OC,0.8483495,train
Nc1nnc(-c2cccc(Cl)c2Cl)c(N)n1,0.85756403,train
CN(C)CC(c1ccc(O)cc1)C1(O)CCCCC1,0.8636834,train
COc1cc(Cc2cnc(N)nc2N)cc(OC)c1OC,0.9001121,train
NC[C@@H](O)COc1ccccc1C(=O)CCc1ccccc1,0.881348,train
O=C1NC(=O)C(c2ccccc2)(c2ccccc2)N1,0.90620935,train
C[NH+]1CCC[C@@H]1c1cccnc1,0.7661196,test
CCN(CC)CC(=O)Nc1c(C)cccc1C,0.81678116,test
CC[C@H]1OC(=O)C(C)[C@@H](O[C@H]2C[C@@](C)(OC)[C@@H](O)[C@H](C)O2)[C@H](C)[C@@H](O[C@@H]2O[C@H](C)C[C@H]([NH+](C)C)[C@@H]2O)[C@@](C)(O)C[C@@H](C)[C@H]([NH3+])[C@H](C)[C@@H](O)[C@]1(C)O,0.99287426,train
COc1ccc([C@@H]2CC(=O)c3c(O)cc(O)cc3O2)cc1O,0.92702,train
COc1ccc2c(c1)c(CC(=O)[O-])c(C)n2C(=O)c1ccc(Cl)cc1,0.94855577,test
CC(C)(NC(=O)c1ccc(O)cc1)C(=O)O,0.8153798,train
COc1ccc2c3c1O[C@H]1[C@@H](O)C=C[C@H]4[C@@H](C2)[NH+](C)CC[C@@]341,0.95556676,train
CO[C@@H]1C[C@H](O[C@H]2C(C)C(=O)O[C@H](C)[C@H](C)[C@@H](O)C(C)C(=O)[C@]3(CO3)C[C@@H](C)[C@@H](O[C@H]3O[C@H](C)C[C@@H]([NH+](C)C)[C@@H]3O)[C@H]2C)O[C@H](C)[C@H]1O,0.9913065,train
Cc1oc(=O)oc1CN1CCN(c2cc3c(cc2F)c(=O)c(C(=O)O)c2n3[C@@H](C)S2)CC1,0.9826315,train
C[NH+]1[C@H]2CC[C@@H]1C(C(=O)[O-])[C@H](OC(=O)c1ccccc1)C2,0.90251595,train
CC(=O)Oc1ccc2c3c1O[C@H]1[C@@H](OC(C)=O)C=C[C@H]4[C@@H](C2)N(C)CC[C@@]341,0.96927106,val
CC(C)(O)c1ccc([C@H](O)CCC[NH+]2CCC(C(O)(c3ccccc3)c3ccccc3)CC2)cc1,0.9766506,train
CC1CCN(c2c(F)c(N)c3c(O)c(C(=O)O)cc4c3c2OC[C@H]4C)CC1,0.96958256,test
C=C1C[C@@]23C[C@H]4[C@@H]5[C@@]6(C)C[C@H](OC(C)=O)C[C@@]57[C@@H]2[C@H](O)[C@@H]1[C@H](OC(C)=O)[C@]3(O)[C@H]7N4C6,0.9900928,train
O=C1NCCN1CC[NH+]1CCC(c2cn(-c3ccc(CCO)cc3)c3ccc(Cl)cc23)CC1,0.9776504,train
C[C@H]1Sc2c(C(=O)O)c(=O)c3cc(F)c(N4CCNCC4)cc3n21,0.95624065,train
COC(=O)C1=C(C)N=C(C)C(C(=O)OC)C1c1ccccc1[N+](=O)[O-],0.9328238,train
C[C@H]1COc2c(N3CC[NH+](C)CC3)c(F)cc3c(=O)c(C(=O)[O-])cn1c23,0.9632321,train
O=C([O-])c1c[n+](C2CC2)c2cc(N3CC[NH2+]CC3)c(F)cc2c1O,0.9514953,test
CC(C)[NH2+]C[C@@H](O)COc1ccc(CC(N)=O)cc1,0.8139764,train
C[NH+]1CC[C@]23c4c5ccc(O)c4O[C@@H]2[C@@H](O)C=C[C@H]3[C@H]1C5,0.9519591,train
C[C@@H]1COc2c(N3CC[NH+](C)CC3)c(F)cc3c(=O)c(C(=O)[O-])cn1c23,0.963328,train
C[N@@+]1(CC2CC2)CC[C@]23c4c5ccc(O)c4OC2C(=O)CC[C@@]3(O)[C@H]1C5,0.97876704,train
CC[C@H](O)c1cn(-c2ccc(F)cc2)c2ccc(Cl)cc12,0.9227427,train
CCn1cc(C(=O)[O-])c(=O)c2cc(F)c(N3CC[NH2+][C@H](C)C3)c(F)c21,0.9505325,test
NC(=O)N1c2ccccc2C=Cc2ccccc21,0.8980755,val
CCC1(c2ccccc2)C(=O)NC(=O)NC1=O,0.87168986,train
Nc1ccncc1,0.63667417,train
C[C@H](O)c1cn(-c2ccc(F)cc2)c2ccc(Cl)cc12,0.91671944,train
COC(=O)C1[C@@H](O)C[C@H]2CC[C@@H]1[NH+]2C,0.8080381,test
CN/C(NCCSCc1[nH]cnc1C)=[NH+]\C#N,0.7907465,train
Cc1cc(NS(=O)(=O)c2ccc(N)cc2)no1,0.8505718,train
CCCc1cn(-c2ccc(F)cc2)c2ccc(Cl)cc12,0.91328573,train
O=C([O-])c1ccc(-n2cc(C3CC[NH+](CCN4CCNC4=O)CC3)c3cc(Cl)ccc32)cc1,0.9790654,train
N=C(N)c1ccc(OCCCCCOc2ccc(C(=N)N)cc2)cc1,0.90662277,train
CC(C)n1c(/C=C\[C@@H](O)C[C@@H](O)CC(=O)[O-])c(-c2ccc(F)cc2)c2ccccc21,0.96014005,test
Fc1ccc([C@@H]2CC[NH2+]C[C@@H]2COc2ccc3c(c2)OCO3)cc1,0.9306695,train
Cc1nnc(C(=O)NC(C)(C)c2nc(C(=O)NCc3ccc(F)cc3)c(O)c(=O)n2C)o1,0.9703644,val
C[NH+](C)CCO[C@](C)(c1ccccc1)c1ccccn1,0.87494564,train
CCC(C)(C)C(=O)O[C@H]1C[C@@H](C)C=C2C=C[C@H](C)[C@H](CC[C@@H]3C[C@@H](O)CC(=O)O3)[C@H]21,0.9477142,train
CCCCCCCCCCC[C@@H](C[C@@H]1OC(=O)C1CCCCCC)OC(=O)C(CC(C)C)NC=O,0.92719454,train
COc1ccc2c3c1OC1C(=O)CC[C@@]4(O)[C@@H](C2)[NH+](C)CC[C@]314,0.9659462,test
CCCCC(=O)N(Cc1ccc(-c2ccccc2-c2nn[n-]n2)cc1)C(C(=O)[O-])C(C)C,0.96372706,test
[NH3+]CCCCC([NH2+]C(CCc1ccccc1)C(=O)[O-])C(=O)N1CCCC1C(=O)[O-],0.9271219,train
CCCC[C@](C)(O)C/C=C/[C@@H]1C(CCCCCCC(=O)OC)C(=O)C[C@H]1O,0.8859909,train
O[C@](CC[NH+]1CCCCC1)(c1ccccc1)[C@@H]1C[C@@H]2C=C[C@H]1C2,0.92257607,train
C[C@H]1CN(CC(Cc2ccccc2)C(=O)NCC(=O)O)CC[C@@]1(C)c1cccc(O)c1,0.95520455,train
CC(C)Nc1cccnc1N1CCN(C(=O)C2=CC3=C[C@H](NS(C)(=O)=O)C=CC3=N2)CC1,0.9677108,val
Cc1cnc(C(=O)NCCc2ccc(S(=O)([O-])=NC(=O)NC3CCCCC3)cc2)cn1,0.9510776,train
CCc1ccc(CCOc2ccc(Cc3sc(=O)[nH]c3O)cc2)nc1,0.92606646,val
CCc1cc(C(N)=S)ccn1,0.7286238,val
Nc1c2c(nc3ccccc13)CCCC2,0.86400384,val
N#Cc1ccc(C(c2ccc(C#N)cc2)n2cncn2)cc1,0.9154325,train
CC(C)(C#N)c1cc(Cn2cncn2)cc(C(C)(C)C#N)c1,0.9074002,train
O=C([O-])CCc1nc(-c2ccccc2)c(-c2ccccc2)o1,0.9131888,test
O=c1[nH]c(O)cn1/N=C/c1ccc(-c2ccc([N+](=O)[O-])cc2)o1,0.9254994,val
C#C[C@]1(O)CC[C@H]2[C@@H]3CCC4=Cc5oncc5C[C@]4(C)[C@H]3CC[C@@]21C,0.96618336,test
Cc1cnc(NC(=O)C2C(=O)c3ccccc3S(=O)(=O)N2C)s1,0.93702775,val
CC(=O)Nc1nnc(S(N)(=O)=O)s1,0.76417714,train
CCC[NH2+][C@H]1CCc2nc(N)sc2C1,0.79705405,train
O=C(c1ccc(OCC[NH+]2CCCCC2)cc1)c1c(-c2ccc(O)cc2)sc2cc(O)ccc12,0.9802548,train
NC(CCC(N)=NO)=NO,0.647197,train
Nc1nc(N)nc(CCCc2nc(N)nc(N)n2)n1,0.86302745,train
Nc1nc(N)nc(CCCCc2nc(N)nc(N)n2)n1,0.86978805,train
NC(CCCCO)C(=O)O,0.6418416,train
O=C(O)CN(CCN(CC(=O)O)CC(=O)O)CC(=O)O,0.79157823,train
NCCNC(=S)S,0.58300287,val
O=C(O)CCNCC(=O)O,0.6303724,train
NCCNC[C@@H](O)CO,0.61181575,train
Nc1nnnn1CCO,0.686327,test
NCCSCCC(=O)O,0.60973907,train
NCCSS(=O)(=O)CCN,0.64187175,test
N=c1c(NCO)c(N)nc(N)n1O,0.7903191,val
O=C(O)CCC(=O)C1S(=O)(=O)OCCOS1(=O)=O,0.824569,val
CC[C@@](O)(C(=O)O)c1cc2n(c(=O)c1CO)Cc1cc3ccccc3nc1-2,0.9710401,train
C#CCOCCCC(=O)O,0.62102175,train
C#CCSc1n[nH]c(-c2ccco2)n1,0.79853874,train
[N-]=[N+]=NCC(N)=O,0.5830217,val
O=C(O)CNC(=O)C1NC(C(F)(F)F)(C(F)(F)F)OC1(C(F)(F)F)C(F)(F)F,0.9546955,train
Nc1[nH]c(SCC(=O)O)nc(=O)c1N,0.7820275,val
O=C(O)CSc1n[nH]c(=O)[nH]c1=O,0.7515622,train
NC(=O)CC(N)C(N)=O,0.6378219,test
NC(C(=O)O)C(N)C(=O)O,0.67227644,train
N=C(N)NCC(N)C(=O)O,0.65187854,test
NC(CNO)C(=O)O,0.6142608,train
NC(=O)C[S+]([O-])CC(N)C(=O)O,0.6841429,train
NC(=O)C[C@@H](N)c1nn[nH]n1,0.71291775,train
NC[C@@H](O)CSP(=O)(O)O,0.6391948,train
O=c1[nH]c(SCc2c(Cl)c(Cl)c(Cl)c(Cl)c2Cl)nc(=S)[nH]1,0.90693784,train
Nc1nc(N)nc(CC(=O)O)n1,0.73923814,test
NC(Cc1nn[nH]n1)C(=O)O,0.71326315,train
NC(=O)NOCc1[nH]c(=O)[nH]c1O,0.7518966,train
O=C(O)C(O)C(O)C1O[SbH]O[C@@H]1CO,0.7631072,val
CS(=O)(=O)Nc1ccc2c(c1)C(O)CC1(CC[NH+](C3CCc4cc(C#N)ccc4C3)CC1)O2,0.97784275,train
CCOc1cc(N)c(Cl)cc1C(=O)NCC1C[NH+](Cc2ccc(F)cc2)CCO1,0.946619,train
C[NH2+]CCC=C1c2ccccc2CCc2ccccc21,0.89987534,train
COc1ccc(C[NH2+]CC(O)COc2ccc3[nH]c(=O)ccc3c2)cc1OC,0.94409096,train
CC[NH+](CC)CC#CCOC(=O)C(O)(c1ccccc1)C1CCCCC1,0.9140835,train
CCC[NH+]1C[C@H](CSC)C[C@@H]2c3cccc4[nH]cc(c34)C[C@H]21,0.93256325,train
C1CCC(C(C[C@@H]2CCCC[NH2+]2)C2CCCCC2)CC1,0.858746,train
CC(Cc1ccccc1)[NH2+]CCC(c1ccccc1)c1ccccc1,0.91626894,train
CC[NH+](CC)CCNC(=O)c1ccc(N)cc1,0.8047247,train
CC(CN1c2ccccc2Sc2ccccc21)[NH+](C)C,0.9071908,val
CCC[NH2+]CC(O)COc1ccccc1C(=O)CCc1ccccc1,0.89855003,train
CCC(=O)NC(=O)c1ccc(N)cc1CC[NH+](CC)CC,0.86202973,train
CC(C)[NH2+]CC(O)COc1cccc2ccccc12,0.8574372,train
CC[C@H]1OC(=O)C(C)[C@@H](O[C@H]2C[C@@](C)(OC)[C@@H](O)[C@H](C)O2)[C@H](C)[C@@H](O[C@@H]2O[C@H](C)C[C@H]([NH+](C)C)[C@H]2O)[C@](C)(O)C[C@@H](C)/C(=N/OCOCCOC)[C@H](C)[C@@H](O)[C@]1(C)O,0.9953727,train
CCC(=O)N(c1ccccc1)C1(COC)CC[NH+](CCc2cccs2)CC1,0.9393017,train
CC(CC(c1ccccc1)c1ccccc1)[NH2+]C(C)(C)C,0.87536883,train
CCCC(C)C1(CC)C(=O)NC(=S)NC1=O,0.83249044,train
CSc1ccc2c(c1)N(CC[C@H]1CCCC[N@@H+]1C)c1ccccc1S2,0.94433117,train
Nc1nc(N)c2nc(-c3ccccc3)c(N)nc2n1,0.9086939,train
CC(CN1c2ccccc2CCc2ccccc21)C[NH+](C)C,0.9150884,test
COc1ccc(C(C[NH+](C)C)C2(O)CCCCC2)cc1,0.87360656,train
COc1ccc(CC[N@H+](C)CCC[C@@](C#N)(c2ccc(OC)c(OC)c2)C(C)C)cc1OC,0.96140856,train
CCOC(=O)C1=C[C@]2(CC)CCC[NH+]3CCc4c(n1c1ccccc41)[C@@H]32,0.9707583,train
CCC[S+]([O-])CCC[NH+](CC)CC(O)COc1ccc(C#N)cc1,0.86189187,train
Clc1ccc(C(c2ccc(Cl)cc2)n2cc[n+](CC(OCc3ccc(Cl)cc3Cl)c3ccc(Cl)cc3Cl)c2)cc1,0.9881931,train
COC12CCC3(CC1C(C)(O)C(C)(C)C)C1Cc4ccc(O)c5c4C3(CC[NH+]1CC1CC1)C2O5,0.99410546,train
c1ccc(C2(c3ccccc3)CC2C2=[NH+]CCN2)cc1,0.9250321,train
CC(CN1c2ccccc2Sc2ccc(C#N)cc21)C[NH+](C)C,0.92558056,train
CCCCCCCCC(=O)NCc1ccc(CC(O)CO)c(OC)c1,0.87555677,train
Cc1cccc(C)c1OCC(=O)NC(Cc1ccccc1)C(O)CC(Cc1ccccc1)NC(=O)C(C(C)C)N1CCCNC1=O,0.9880965,train
CCC(C)C(=O)OC1CC(C)C=C2C=CC(C)C(CCC3CC(O)CC(=O)O3)C21,0.9429878,train
CCC(=O)OC(Cc1ccccc1)(c1ccccc1)C(C)C[NH2+]C,0.909647,train
COc1ccc(CC[NH2+]CCCC(C#N)(c2ccc(OC)c(OC)c2)C(C)C)cc1OC,0.957985,train
COc1ccccc1OCC(O)C[NH+]1CC[NH+](CC(=O)Nc2c(C)cccc2C)CC1,0.95128447,train
CC(C=Cc1c(C)c(O)c2ccccc2c1O)=CCCC(C)CCCC(C)CCCC(C)C,0.95443547,train
CCCC[NH+](CCCC)CC(O)c1cc(Cl)cc2c1-c1ccc(Cl)cc1/C2=C\c1ccc(Cl)cc1,0.9794089,train
Fc1ccc2c(C3C[NH2+]CCC3F)c(-c3ccsc3)[nH]c2c1,0.93745565,train
CCC1(c2ccccc2)C(=O)NCNC1=O,0.8564088,train
CNNCc1ccc(C(=O)NC(C)C)cc1,0.7906874,train
CC(C)NC(=[NH2+])NC(=[NH2+])Nc1ccc(Cl)cc1,0.8038652,train
C[NH2+][C@@H](C)[C@@H](O)c1cccc(O)c1,0.7553355,test
Cc1ncc(CO)c(CO)c1O,0.7628261,val
CCc1nc(N)nc(N)c1-c1ccc(Cl)cc1,0.8652624,train
NC(=O)c1ncn([C@H]2O[C@@H](CO)[C@H](O)[C@@H]2O)n1,0.8502864,train
Nc1nc2ccc(OC(F)(F)F)cc2s1,0.83005655,val
CC([NH3+])C12CC3CC(CC(C3)C1)C2,0.82820714,train
CCN(C)C(=O)Oc1cccc([C@H](C)[NH+](C)C)c1,0.83147174,val
C[NH+](C)CCc1c[nH]c2ccc(Cn3cncn3)cc12,0.8968167,val
CS(=O)(=O)c1ccc(C2=C(c3ccccc3)C(=O)OC2)cc1,0.9232888,val
CCC[NH+](CCC)CCc1cccc2[nH]c(O)cc12,0.8643828,train
CN(CCOc1ccc(Cc2sc(=O)[nH]c2O)cc1)c1ccccn1,0.9261888,train
C#CC[NH+](C)[C@H](C)Cc1ccccc1,0.75088674,train
CC(C)CC([NH+](C)C)C1(c2ccc(Cl)cc2)CCC1,0.87871456,train
CC(C)[NH2+]CC(O)c1ccc(NS(C)(=O)=O)cc1,0.81617296,train
Cc1cn(C2C=CC(CO)O2)c(=O)[nH]c1=O,0.83776,val
CC1=C(CC(=O)[O-])c2cc(F)ccc2C1=Cc1ccc([S+](C)[O-])cc1,0.9430345,train
CNS(=O)(=O)Cc1ccc2[nH]cc(CC[NH+](C)C)c2c1,0.8806393,test
C[N+]1=NN=C2C(C(N)=O)=NC=[N+]2C1=O,0.8329773,train
CC(C)(C)[NH2+]CC(O)c1cc(O)cc(O)c1,0.80047536,train
CC12CCC3C(CC=C4CC(=O)C=CC43C)C1CCC(=O)O2,0.9374496,train
O=C1CCC(N2C(=O)c3ccccc3C2=O)C(=O)N1,0.90795183,val
Cn1c(=O)c2[nH]cnc2n(C)c1=O,0.83561325,train
Nc1nc(=S)c2[nH]cnc2[nH]1,0.78321254,train
O=P([O-])([O-])C(Sc1ccc(Cl)cc1)P(=O)([O-])[O-],0.8151044,train
Clc1ccc2nsnc2c1NC1=[NH+]CCN1,0.86609143,test
Cc1ccc(C(=O)c2cc(O)c([O-])c([N+](=O)[O-])c2)cc1,0.8970836,val
