parent_id,parent_smiles,candidate_smiles,candidate_source,dataset,split_type,split_seed,run_seed,parent_similarity_bin,parent_max_sim_to_train,tier_num,tier_label,parent_prob,candidate_prob,delta_prob,similarity_to_parent,scaffold_preserved,medicinal_locality_score,medicinal_locality_flag,total_concordance_score,normalized_concordance_fraction,literature_concordant_overall,rule_lower_logp,rule_increase_tpsa,rule_reduce_aromatic_rings,rule_reduce_rotatable_bonds,rule_reduce_cationic_burden_proxy,rule_increase_fraction_csp3,rule_reduce_formal_charge,rule_reduce_tertiary_amine_like,delta_mol_logp,delta_tpsa,delta_fraction_csp3,delta_aromatic_ring_count,delta_total_ring_count,delta_rotatable_bonds,delta_formal_charge,delta_heavy_atom_count,delta_heteroatom_count,delta_hbd_count,delta_hba_count,delta_tertiary_amine_like_count,delta_basic_amine_proxy_count,delta_formal_positive_n_count,delta_cationic_burden_proxy,relaxation,is_relaxed_candidate,dataset_fallback_used,candidate_rank,source_file,source_report,source_run_dir,similarity_field_note,parent_threshold,parent_y_true,tier_name,candidate_alert_reported,parent_smiles_joined,split_type_joined,split_seed_joined,parent_mol_logp,parent_tpsa,parent_fraction_csp3,parent_aromatic_ring_count,parent_total_ring_count,parent_rotatable_bonds,parent_formal_charge,parent_heavy_atom_count,parent_heteroatom_count,parent_hbd_count,parent_hba_count,parent_tertiary_amine_like_count,parent_basic_amine_proxy_count,parent_formal_positive_n_count,parent_cationic_burden_proxy,parent_smiles_rdkit,parent_generic_scaffold_smiles,candidate_mol_logp,candidate_tpsa,candidate_fraction_csp3,candidate_aromatic_ring_count,candidate_total_ring_count,candidate_rotatable_bonds,candidate_formal_charge,candidate_heavy_atom_count,candidate_heteroatom_count,candidate_hbd_count,candidate_hba_count,candidate_tertiary_amine_like_count,candidate_basic_amine_proxy_count,candidate_formal_positive_n_count,candidate_cationic_burden_proxy,candidate_smiles_rdkit,candidate_generic_scaffold_smiles
0af869741c2c90b24b129daa70ac5d88e63f5269,O=C(CC1CCN(Cc2ccn(-c3ccc(C(F)(F)F)cc3)c2)CC1)N(CCCO)Cc1ccc(F)cc1,O=C(CC1CCN(Cc2ccn(-c3ccc(C(F)(F)F)cc3)c2)CC1)N(CCCO)CC1=CCC(F)C=C1,generated,chembl,cluster,11,,0.5-0.7,0.5844155844155844,1,Tier 1 — Flip,0.7285292714689554,0.4743849982684879,0.2541442732004675,0.5487804878048781,True,3,True,2,0.4,False,True,False,True,False,False,True,False,False,-0.11490000000000045,0.0,0.06896551724137934,-1,0,0,0,0,0,0,0,0,0,0,0,none,False,False,2,/workspace/hERGBench/reports/lead_opt_literature_audit_chembl/cluster_pilot/generation/run/lead_reports/0af869741c2c90b24b129daa70ac5d88e63f5269/report.json,/workspace/hERGBench/reports/lead_opt_literature_audit_chembl/cluster_pilot/generation/run/lead_reports/0af869741c2c90b24b129daa70ac5d88e63f5269/report.md,/workspace/hERGBench/reports/lead_opt_literature_audit_chembl/cluster_pilot/generation/run,"The current serialized field `similarity_to_train` in lead-opt report.json counterfactual records is interpreted here as candidate-to-parent similarity, not train-set similarity.",0.7100000000000001,1,flip,False,O=C(CC1CCN(Cc2ccn(-c3ccc(C(F)(F)F)cc3)c2)CC1)N(CCCO)Cc1ccc(F)cc1,cluster,11,5.648500000000007,48.71000000000001,0.41379310344827586,3,4,10,0,38,9,1,3,3,1,0,1,O=C(CC1CCN(Cc2ccn(-c3ccc(C(F)(F)F)cc3)c2)CC1)N(CCCO)Cc1ccc(F)cc1,CC(CCC1CCCCC1)CC1CCC(CC2CCC(C3CCCCC3)C2)CC1,5.533600000000007,48.71000000000001,0.4827586206896552,2,4,10,0,38,9,1,3,3,1,0,1,O=C(CC1CCN(Cc2ccn(-c3ccc(C(F)(F)F)cc3)c2)CC1)N(CCCO)CC1=CCC(F)C=C1,CC(CCC1CCCCC1)CC1CCC(CC2CCC(C3CCCCC3)C2)CC1
0f56b05bdc40933c25003dc7a17eb6abdb77d1e9,Cc1cc(C)cc(OCc2cncc(-c3cc(C)cc(C)c3)c2N2CCC(N)CC2)c1,Cc1cc(C)cc(-c2cncc(COc3cc(C)cc(C)c3O)c2N2CCC(N)CC2)c1,generated,chembl,cluster,11,,0.5-0.7,0.5333333333333333,1,Tier 1 — Flip,0.7272544093493535,0.528131211224018,0.19912319812533552,0.5074626865671642,True,3,True,2,0.4,False,True,True,False,False,False,False,False,False,-0.29439999999999955,20.230000000000004,0.0,0,0,0,0,1,1,1,1,0,0,0,0,none,False,False,5,/workspace/hERGBench/reports/lead_opt_literature_audit_chembl/cluster_pilot/generation/run/lead_reports/0f56b05bdc40933c25003dc7a17eb6abdb77d1e9/report.json,/workspace/hERGBench/reports/lead_opt_literature_audit_chembl/cluster_pilot/generation/run/lead_reports/0f56b05bdc40933c25003dc7a17eb6abdb77d1e9/report.md,/workspace/hERGBench/reports/lead_opt_literature_audit_chembl/cluster_pilot/generation/run,"The current serialized field `similarity_to_train` in lead-opt report.json counterfactual records is interpreted here as candidate-to-parent similarity, not train-set similarity.",0.7100000000000001,1,flip,False,Cc1cc(C)cc(OCc2cncc(-c3cc(C)cc(C)c3)c2N2CCC(N)CC2)c1,cluster,11,5.488780000000005,51.379999999999995,0.37037037037037035,3,4,5,0,31,4,1,4,3,2,0,2,Cc1cc(C)cc(OCc2cncc(-c3cc(C)cc(C)c3)c2N2CCC(N)CC2)c1,C1CCC(CCC2CCCC(C3CCCCC3)C2C2CCCCC2)CC1,5.194380000000005,71.61,0.37037037037037035,3,4,5,0,32,5,2,5,3,2,0,2,Cc1cc(C)cc(-c2cncc(COc3cc(C)cc(C)c3O)c2N2CCC(N)CC2)c1,C1CCC(CCC2CCCC(C3CCCCC3)C2C2CCCCC2)CC1
527ee3e0a48b385d795ee738fd1037a5b6cdcfe5,O=C1CCc2ccccc2N1OCCN1CCC(n2c(=O)[nH]c3ccccc32)CC1,NC1CC(n2c(=O)[nH]c3ccccc32)CCN1CCON1C(=O)CCc2ccccc21,generated,chembl,cluster,11,,>0.7,0.7,1,Tier 1 — Flip,0.7397418425698,0.40435662488822016,0.33538521768157986,0.5428571428571428,True,3,True,2,0.4,False,True,True,False,False,False,False,False,False,-0.7152000000000012,26.02000000000001,0.0,0,0,0,0,1,1,1,1,0,1,0,1,none,False,False,1,/workspace/hERGBench/reports/lead_opt_literature_audit_chembl/cluster_pilot/generation/run/lead_reports/527ee3e0a48b385d795ee738fd1037a5b6cdcfe5/report.json,/workspace/hERGBench/reports/lead_opt_literature_audit_chembl/cluster_pilot/generation/run/lead_reports/527ee3e0a48b385d795ee738fd1037a5b6cdcfe5/report.md,/workspace/hERGBench/reports/lead_opt_literature_audit_chembl/cluster_pilot/generation/run,"The current serialized field `similarity_to_train` in lead-opt report.json counterfactual records is interpreted here as candidate-to-parent similarity, not train-set similarity.",0.7100000000000001,1,flip,False,O=C1CCc2ccccc2N1OCCN1CCC(n2c(=O)[nH]c3ccccc32)CC1,cluster,11,2.8775000000000013,70.57,0.391304347826087,3,5,5,0,30,7,1,4,3,1,0,1,O=C1CCc2ccccc2N1OCCN1CCC(n2c(=O)[nH]c3ccccc32)CC1,CC1CCC2CCCCC2C1CCCC1CCC(C2C(C)CC3CCCCC32)CC1,2.1623,96.59,0.391304347826087,3,5,5,0,31,8,2,5,3,2,0,2,NC1CC(n2c(=O)[nH]c3ccccc32)CCN1CCON1C(=O)CCc2ccccc21,CC1CCC2CCCCC2C1CCCC1CCC(C2C(C)CC3CCCCC32)CC1
6d8bb92d758e8206cf47eef14306472e5a43b556,CCCc1nc(Nc2cc(NCCN)nnc2C(N)=O)ccc1OC,COC1=CC(C)N=C(Nc2cc(NCCN)nnc2C(N)=O)C1,generated,chembl,cluster,11,,>0.7,0.7288135593220338,1,Tier 1 — Flip,0.7504998266327504,0.33286502495337134,0.41763480167937905,0.5223880597014925,True,3,True,3,0.6,True,True,False,True,True,False,True,False,False,-0.9667999999999993,-0.5300000000000011,0.05357142857142855,-1,0,-3,0,-2,0,0,0,0,0,0,0,none,False,False,3,/workspace/hERGBench/reports/lead_opt_literature_audit_chembl/cluster_pilot/generation/run/lead_reports/6d8bb92d758e8206cf47eef14306472e5a43b556/report.json,/workspace/hERGBench/reports/lead_opt_literature_audit_chembl/cluster_pilot/generation/run/lead_reports/6d8bb92d758e8206cf47eef14306472e5a43b556/report.md,/workspace/hERGBench/reports/lead_opt_literature_audit_chembl/cluster_pilot/generation/run,"The current serialized field `similarity_to_train` in lead-opt report.json counterfactual records is interpreted here as candidate-to-parent similarity, not train-set similarity.",0.7100000000000001,1,flip,False,CCCc1nc(Nc2cc(NCCN)nnc2C(N)=O)ccc1OC,cluster,11,1.0458000000000003,141.07,0.375,2,2,9,0,25,9,4,8,0,3,0,3,CCCc1nc(Nc2cc(NCCN)nnc2C(N)=O)ccc1OC,C1CCC(CC2CCCCC2)CC1,0.07900000000000096,140.54,0.42857142857142855,1,2,6,0,23,9,4,8,0,3,0,3,COC1=CC(C)N=C(Nc2cc(NCCN)nnc2C(N)=O)C1,C1CCC(CC2CCCCC2)CC1
6eb82aa716e9aaeb464acf80ea5156b15a44f160,O=C(CNc1noc2ccc(C(F)(F)F)cc12)NC1CN([C@H]2CC[C@@H](c3cncs3)CC2)C1,CC1=C=Cc2c(NCC(=O)NC3CN([C@H]4CC[C@@H](c5cncs5)CC4)C3)noc2C1,generated,chembl,cluster,11,,>0.7,0.7466666666666667,1,Tier 1 — Flip,0.7169658618035649,0.360230468552475,0.35673539325108994,0.5116279069767442,True,2,True,3,0.6,True,True,True,True,False,False,True,False,False,-1.0575000000000019,1.4210854715202004e-14,0.045454545454545414,-1,0,0,0,-3,-3,0,0,0,0,0,0,none,False,False,5,/workspace/hERGBench/reports/lead_opt_literature_audit_chembl/cluster_pilot/generation/run/lead_reports/6eb82aa716e9aaeb464acf80ea5156b15a44f160/report.json,/workspace/hERGBench/reports/lead_opt_literature_audit_chembl/cluster_pilot/generation/run/lead_reports/6eb82aa716e9aaeb464acf80ea5156b15a44f160/report.md,/workspace/hERGBench/reports/lead_opt_literature_audit_chembl/cluster_pilot/generation/run,"The current serialized field `similarity_to_train` in lead-opt report.json counterfactual records is interpreted here as candidate-to-parent similarity, not train-set similarity.",0.7100000000000001,1,flip,False,O=C(CNc1noc2ccc(C(F)(F)F)cc12)NC1CN([C@H]2CC[C@@H](c3cncs3)CC2)C1,cluster,11,4.241800000000003,83.28999999999999,0.5,3,5,6,0,33,11,2,7,3,2,0,2,O=C(CNc1noc2ccc(C(F)(F)F)cc12)NC1CN([C@H]2CC[C@@H](c3cncs3)CC2)C1,CC(CCC1CCC2CCCCC21)CC1CC(C2CCC(C3CCCC3)CC2)C1,3.1843000000000012,83.29,0.5454545454545454,2,5,6,0,30,8,2,7,3,2,0,2,CC1=C=Cc2c(NCC(=O)NC3CN([C@H]4CC[C@@H](c5cncs5)CC4)C3)noc2C1,CC(CCC1CCC2CCCCC21)CC1CC(C2CCC(C3CCCC3)CC2)C1
8c0230bad0126918fc2bea5c36e0ab5c09c59b30,CCc1nc2ccc3c(c2s1)CCN(CCCSc1nnc(-c2ocnc2C)n1C)CC3,CCc1nc2ccc3c(c2s1)CCN(CC=CSc1nnc(-c2ocnc2C)n1C)CC3,generated,chembl,cluster,11,,>0.7,0.835820895522388,1,Tier 1 — Flip,0.7547657514642553,0.6375918561511253,0.11717389531312994,0.6153846153846154,True,3,True,1,0.2,False,False,False,False,True,False,False,False,False,0.1236000000000006,0.0,-0.08695652173913043,0,0,-1,0,0,0,0,0,0,0,0,0,none,False,False,1,/workspace/hERGBench/reports/lead_opt_literature_audit_chembl/cluster_pilot/generation/run/lead_reports/8c0230bad0126918fc2bea5c36e0ab5c09c59b30/report.json,/workspace/hERGBench/reports/lead_opt_literature_audit_chembl/cluster_pilot/generation/run/lead_reports/8c0230bad0126918fc2bea5c36e0ab5c09c59b30/report.md,/workspace/hERGBench/reports/lead_opt_literature_audit_chembl/cluster_pilot/generation/run,"The current serialized field `similarity_to_train` in lead-opt report.json counterfactual records is interpreted here as candidate-to-parent similarity, not train-set similarity.",0.7100000000000001,1,flip,False,CCc1nc2ccc3c(c2s1)CCN(CCCSc1nnc(-c2ocnc2C)n1C)CC3,cluster,11,4.5336200000000035,72.87,0.4782608695652174,4,5,7,0,32,9,0,8,3,1,0,1,CCc1nc2ccc3c(c2s1)CCN(CCCSc1nnc(-c2ocnc2C)n1C)CC3,C(CCC1CCC(C2CCCC2)C1)CC1CCC2CCC3CCCC3C2CC1,4.657220000000004,72.87,0.391304347826087,4,5,6,0,32,9,0,8,3,1,0,1,CCc1nc2ccc3c(c2s1)CCN(CC=CSc1nnc(-c2ocnc2C)n1C)CC3,C(CCC1CCC(C2CCCC2)C1)CC1CCC2CCC3CCCC3C2CC1
a20f74e3f8ebfea51b2477906e00b06b1ca1e4b7,CC(C)(C)CCN1CCC(CNC(=O)Cc2ccc(C(C)(C)C)cc2)CC1,CC(C)(C)CCN1CCC(CNC(=O)CC2=CC=C(C(C)(C)C)NC2)CC1,generated,chembl,cluster,11,,0.5-0.7,0.5535714285714286,1,Tier 1 — Flip,0.7122731705943643,0.41889978124478844,0.2933733893495759,0.5,True,3,True,3,0.6,True,True,True,True,False,False,True,False,False,-0.6905000000000001,12.030000000000001,0.07427536231884058,-1,0,0,0,0,1,1,1,0,1,0,1,none,False,False,4,/workspace/hERGBench/reports/lead_opt_literature_audit_chembl/cluster_pilot/generation/run/lead_reports/a20f74e3f8ebfea51b2477906e00b06b1ca1e4b7/report.json,/workspace/hERGBench/reports/lead_opt_literature_audit_chembl/cluster_pilot/generation/run/lead_reports/a20f74e3f8ebfea51b2477906e00b06b1ca1e4b7/report.md,/workspace/hERGBench/reports/lead_opt_literature_audit_chembl/cluster_pilot/generation/run,"The current serialized field `similarity_to_train` in lead-opt report.json counterfactual records is interpreted here as candidate-to-parent similarity, not train-set similarity.",0.7100000000000001,1,flip,False,CC(C)(C)CCN1CCC(CNC(=O)Cc2ccc(C(C)(C)C)cc2)CC1,cluster,11,4.791000000000004,32.34,0.7083333333333334,1,2,6,0,27,3,1,2,3,1,0,1,CC(C)(C)CCN1CCC(CNC(=O)Cc2ccc(C(C)(C)C)cc2)CC1,CC(CCC1CCCCC1)CC1CCCCC1,4.100500000000004,44.370000000000005,0.782608695652174,0,2,6,0,27,4,2,3,3,2,0,2,CC(C)(C)CCN1CCC(CNC(=O)CC2=CC=C(C(C)(C)C)NC2)CC1,CC(CCC1CCCCC1)CC1CCCCC1
bedb61b76375e97d9de140e8a85defc38b36e6ec,COc1ccc(C2(c3cccc(-c4cncnc4)c3)N=C(N)c3nc(C)sc32)cc1,COc1ccc(C2(c3cccc(-c4cncnc4)c3)N=C(N)c3ncsc32)cc1,generated,chembl,cluster,11,,0.5-0.7,0.59375,1,Tier 1 — Flip,0.7224248716696485,0.5846434217202485,0.1377814499494,0.6031746031746031,True,3,True,1,0.2,False,True,False,False,False,False,False,False,False,-0.3084200000000008,0.0,-0.03952569169960474,0,0,0,0,-1,0,0,0,0,0,0,0,none,False,False,3,/workspace/hERGBench/reports/lead_opt_literature_audit_chembl/cluster_pilot/generation/run/lead_reports/bedb61b76375e97d9de140e8a85defc38b36e6ec/report.json,/workspace/hERGBench/reports/lead_opt_literature_audit_chembl/cluster_pilot/generation/run/lead_reports/bedb61b76375e97d9de140e8a85defc38b36e6ec/report.md,/workspace/hERGBench/reports/lead_opt_literature_audit_chembl/cluster_pilot/generation/run,"The current serialized field `similarity_to_train` in lead-opt report.json counterfactual records is interpreted here as candidate-to-parent similarity, not train-set similarity.",0.7100000000000001,1,flip,False,COc1ccc(C2(c3cccc(-c4cncnc4)c3)N=C(N)c3nc(C)sc32)cc1,cluster,11,3.927920000000002,86.28,0.13043478260869565,4,5,4,0,30,7,1,7,0,1,0,1,COc1ccc(C2(c3cccc(-c4cncnc4)c3)N=C(N)c3nc(C)sc32)cc1,C1CCC(C2CCCC(C3(C4CCCCC4)CCC4CCCC43)C2)CC1,3.6195000000000013,86.28,0.09090909090909091,4,5,4,0,29,7,1,7,0,1,0,1,COc1ccc(C2(c3cccc(-c4cncnc4)c3)N=C(N)c3ncsc32)cc1,C1CCC(C2CCCC(C3(C4CCCCC4)CCC4CCCC43)C2)CC1
c9d5fe643178cae91655a380b086635ed528f4f6,O=C(C1CNCC[C@]1(OCC(O)CO)c1ccc(F)c(F)c1)N(Cc1cn(Cc2cccc(F)c2)c2cccc(F)c12)C1CC1,O=C(C1CNCC[C@]1(OCC(O)CO)c1ccc(F)c(F)c1)N(Cc1cn(Cc2cccc(F)c2F)c2cccnc12)C1CC1,generated,chembl,cluster,11,,>0.7,0.7471264367816092,1,Tier 1 — Flip,0.7466945558070458,0.5346874852443543,0.21200707056269152,0.5346534653465347,True,3,True,2,0.4,False,True,True,False,False,False,True,False,False,-0.6050000000000013,12.89,0.01158645276292336,0,0,0,0,0,1,0,1,0,0,0,0,none,False,False,4,/workspace/hERGBench/reports/lead_opt_literature_audit_chembl/cluster_pilot/generation/run/lead_reports/c9d5fe643178cae91655a380b086635ed528f4f6/report.json,/workspace/hERGBench/reports/lead_opt_literature_audit_chembl/cluster_pilot/generation/run/lead_reports/c9d5fe643178cae91655a380b086635ed528f4f6/report.md,/workspace/hERGBench/reports/lead_opt_literature_audit_chembl/cluster_pilot/generation/run,"The current serialized field `similarity_to_train` in lead-opt report.json counterfactual records is interpreted here as candidate-to-parent similarity, not train-set similarity.",0.7100000000000001,1,flip,False,O=C(C1CNCC[C@]1(OCC(O)CO)c1ccc(F)c(F)c1)N(Cc1cn(Cc2cccc(F)c2)c2cccc(F)c12)C1CC1,cluster,11,4.611800000000004,86.96000000000001,0.38235294117647056,4,6,11,0,45,11,3,5,0,1,0,1,O=C(C1CNCC[C@]1(OCC(O)CO)c1ccc(F)c(F)c1)N(Cc1cn(Cc2cccc(F)c2)c2cccc(F)c12)C1CC1,CC(C(CC1CC(CC2CCCCC2)C2CCCCC12)C1CC1)C1CCCCC1C1CCCCC1,4.006800000000003,99.85000000000001,0.3939393939393939,4,6,11,0,45,12,3,6,0,1,0,1,O=C(C1CNCC[C@]1(OCC(O)CO)c1ccc(F)c(F)c1)N(Cc1cn(Cc2cccc(F)c2F)c2cccnc12)C1CC1,CC(C(CC1CC(CC2CCCCC2)C2CCCCC12)C1CC1)C1CCCCC1C1CCCCC1
